sequence	size	complete_genes	partial_genes	complete_motif1	partial_motif2	complete_motif2	partial_motif2
cap3_contig1	4432	NA	NA	7	NA	NA	4
cap3_contig2	4068	NA	NA	2	NA	NA	1
cap3_contig3	4485	KU244273.1	NA	3	NA	NA	1
cap3_contig4	4022	NA	NA	3	NA	NA	2
cap3_contig5	5093	NA	NA	5	NA	NA	6
cap3_contig6	3676	NA	NA	2	NA	NA	1
cap3_contig7	8908	NA	NA	NA	NA	4	NA
cap3_contig8	4913	NA	KU244279.1	4	NA	NA	2
cap3_contig9	4415	NA	NA	3	NA	NA	1
cap3_contig10	2509	NA	NA	2	NA	NA	2
cap3_contig11	4207	NA	NA	4	NA	NA	1
cap3_contig12	2974	NA	NA	2	NA	NA	1
cap3_contig13	4717	NA	KU244280.1	4	NA	NA	2
cap3_contig14	3000	NA	NA	2	NA	NA	NA
cap3_contig15	4570	KU244273.1	NA	2	NA	NA	3
cap3_contig16	5099	NA	NA	3	NA	NA	1
cap3_contig17	19375	NA	NA	NA	NA	6	NA
cap3_contig18	18744	NA	NA	NA	NA	NA	NA
cap3_contig19	4708	NA	NA	4	NA	NA	3
cap3_contig20	4801	NA	NA	5	NA	NA	4
cap3_contig21	5402	NA	NA	6	NA	NA	4
cap3_contig22	6833	NA	KU244276.1,KU244276.1	3	NA	NA	2
cap3_contig23	4080	NA	KU244280.1	4	NA	NA	1
cap3_contig24	4249	NA	NA	5	NA	NA	3
cap3_contig25	5264	NA	KU244276.1	4	NA	NA	2
cap3_contig26	3694	NA	NA	3	NA	NA	2
cap3_contig27	4184	NA	NA	5	NA	NA	1
cap3_contig28	4729	NA	KU244273.1	5	NA	NA	4
cap3_contig29	5278	NA	NA	5	NA	NA	4
cap3_contig30	4809	NA	NA	3	NA	NA	4
cap3_contig31	4535	NA	NA	3	NA	NA	4
cap3_contig32	8683	NA	KU244276.1	3	NA	NA	3
cap3_contig33	4214	NA	NA	4	NA	NA	1
cap3_contig34	8252	NA	NA	6	NA	NA	4
cap3_contig35	3560	NA	KU244273.1	NA	NA	2	NA
cap3_contig36	19222	NA	NA	2	NA	NA	1
cap3_contig37	4404	NA	NA	5	NA	NA	3
cap3_contig38	4843	NA	NA	4	NA	NA	2
cap3_contig39	3862	NA	NA	4	NA	NA	1
cap3_contig40	8318	NA	KU244280.1	4	NA	NA	2
cap3_contig41	4907	NA	NA	3	NA	NA	3
cap3_contig42	4538	NA	KU244280.1	NA	NA	8	NA
cap3_contig43	4057	NA	NA	5	NA	NA	1
cap3_contig44	5190	NA	KU244279.1	5	NA	NA	2
cap3_contig45	30196	NA	NA	NA	NA	NA	1
cap3_contig46	4115	NA	KU244276.1	NA	NA	4	NA
cap3_contig47	4884	NA	NA	3	NA	NA	2
cap3_contig48	5021	NA	KU244275.1	4	NA	NA	NA
cap3_contig49	3921	NA	NA	2	NA	NA	1
cap3_contig50	4837	NA	NA	5	NA	NA	4
cap3_contig51	3829	NA	KU244275.1	NA	NA	NA	2
cap3_contig52	6877	NA	NA	6	NA	NA	4
cap3_contig53	5700	NA	NA	2	NA	NA	NA
cap3_contig54	5102	NA	NA	2	NA	NA	3
cap3_contig55	4691	NA	NA	3	NA	NA	1
cap3_contig56	3765	NA	NA	1	NA	NA	1
cap3_contig57	5291	NA	NA	5	NA	NA	2
cap3_contig58	4215	KU244273.1	NA	NA	NA	3	NA
cap3_contig59	35199	NA	KU244276.1	NA	NA	NA	2
cap3_contig60	9402	NA	NA	NA	NA	1	NA
cap3_contig61	5040	NA	NA	3	NA	NA	NA
cap3_contig62	9669	NA	NA	NA	NA	4	NA
cap3_contig63	5526	NA	NA	6	NA	NA	2
cap3_contig64	4769	NA	KU244273.1	7	NA	NA	1
cap3_contig65	4125	NA	NA	NA	1	2	NA
cap3_contig66	4432	NA	NA	4	NA	NA	2
cap3_contig67	4730	NA	NA	3	NA	NA	3
cap3_contig68	4390	NA	NA	2	NA	NA	1
cap3_contig69	8019	NA	NA	2	NA	NA	2
cap3_contig70	4680	NA	NA	3	NA	NA	2
cap3_contig71	9139	NA	NA	2	NA	NA	2
cap3_contig72	4573	NA	NA	2	NA	NA	2
cap3_contig73	4514	NA	KU244274.1	NA	NA	5	NA
cap3_contig74	10561	NA	KU244274.1	3	NA	NA	2
cap3_contig75	15188	KU244273.1	NA	4	NA	NA	1
cap3_contig76	11161	NA	NA	5	NA	NA	2
cap3_contig77	3992	NA	NA	2	NA	NA	1
cap3_contig78	4200	NA	NA	5	NA	NA	4
cap3_contig79	4815	NA	NA	4	NA	NA	3
cap3_contig80	4624	NA	NA	5	NA	NA	3
cap3_contig81	4882	NA	NA	6	NA	NA	3
cap3_contig82	14871	NA	KU244279.1	5	NA	NA	3
cap3_contig83	3876	NA	NA	2	NA	NA	1
cap3_contig84	4858	NA	NA	5	NA	NA	NA
cap3_contig85	4562	NA	NA	2	NA	NA	2
cap3_contig86	4439	KU244273.1	NA	4	NA	NA	2
cap3_contig87	3428	NA	NA	3	NA	NA	1
cap3_contig88	8515	NA	NA	3	NA	NA	2
cap3_contig89	3951	NA	NA	2	NA	NA	2
cap3_contig90	3678	NA	NA	3	NA	NA	2
cap3_contig91	6080	KU244273.1	NA	2	NA	NA	2
cap3_contig92	5068	NA	NA	7	NA	NA	2
cap3_contig93	7490	NA	NA	NA	NA	4	NA
cap3_contig94	6634	KU244283.1	NA	4	NA	NA	3
cap3_contig95	4635	NA	NA	5	NA	NA	2
cap3_contig96	3771	NA	NA	1	NA	NA	NA
cap3_contig97	4700	KU244273.1	NA	NA	NA	3	NA
cap3_contig98	3234	NA	KU244279.1	NA	1	1	NA
cap3_contig99	4088	NA	NA	4	NA	NA	1
cap3_contig100	4015	NA	NA	1	NA	NA	1
cap3_contig101	3638	NA	NA	3	NA	NA	1
cap3_contig102	2991	KU244273.1	NA	NA	NA	NA	1
cap3_contig103	3487	NA	NA	NA	1	3	NA
cap3_contig104	4394	NA	KU244279.1	5	NA	NA	3
cap3_contig105	4965	NA	NA	5	NA	NA	2
cap3_contig106	4106	NA	NA	6	NA	NA	2
cap3_contig107	4528	NA	NA	NA	NA	4	NA
cap3_contig108	4602	NA	NA	6	NA	NA	1
cap3_contig109	4528	NA	NA	3	NA	NA	NA
cap3_contig110	4846	NA	KU244274.1	3	NA	NA	3
cap3_contig111	6909	KU244273.1	NA	3	NA	NA	2
cap3_contig112	4991	NA	KU244276.1	3	NA	NA	2
cap3_contig113	7670	NA	NA	4	NA	NA	2
cap3_contig114	5637	NA	KU244275.1	NA	NA	5	NA
cap3_contig115	3710	NA	NA	2	NA	NA	1
cap3_contig116	4572	NA	NA	5	NA	NA	6
cap3_contig117	10117	NA	NA	NA	NA	5	NA
cap3_contig118	5303	NA	NA	3	NA	1	NA
cap3_contig119	7822	NA	NA	4	NA	NA	3
cap3_contig120	5229	NA	NA	3	NA	NA	3
cap3_contig121	4053	NA	NA	2	NA	NA	NA
cap3_contig122	3878	NA	NA	2	NA	NA	1
cap3_contig123	3621	NA	NA	2	NA	NA	1
cap3_contig124	4112	NA	NA	3	NA	NA	2
cap3_contig125	2761	NA	NA	1	NA	NA	NA
cap3_contig126	4559	NA	NA	3	NA	NA	NA
cap3_contig127	4651	NA	NA	3	NA	NA	2
cap3_contig128	4357	NA	NA	6	NA	NA	NA
cap3_contig129	4121	NA	NA	3	NA	NA	2
cap3_contig130	4435	NA	NA	5	NA	NA	2
cap3_contig131	4026	NA	NA	4	NA	NA	1
cap3_contig132	4206	NA	NA	3	NA	NA	NA
cap3_contig133	4795	KU244273.1	NA	5	NA	NA	6
cap3_contig134	9392	NA	NA	4	NA	NA	2
cap3_contig135	4616	NA	NA	4	NA	NA	5
cap3_contig136	3865	NA	NA	2	NA	NA	3
cap3_contig137	4715	NA	NA	2	NA	NA	2
cap3_contig138	4359	NA	NA	NA	NA	2	NA
cap3_contig139	4525	NA	NA	5	NA	NA	3
cap3_contig140	4743	NA	NA	2	NA	NA	2
cap3_contig141	4499	NA	NA	3	NA	NA	NA
cap3_contig142	5243	NA	KU244280.1	4	NA	NA	2
cap3_contig143	4223	NA	NA	1	NA	3	NA
cap3_contig144	3982	NA	NA	NA	NA	1	NA
cap3_contig145	4423	NA	NA	5	NA	NA	2
cap3_contig146	4170	NA	NA	3	NA	NA	1
cap3_contig147	3975	NA	KU244283.1	4	NA	NA	2
cap3_contig148	4202	NA	NA	4	NA	NA	2
cap3_contig149	4269	NA	NA	NA	NA	2	NA
cap3_contig150	4972	NA	NA	5	NA	NA	4
cap3_contig151	4999	NA	NA	4	NA	NA	3
cap3_contig152	5043	NA	KU244276.1,KU244276.1	3	NA	NA	1
cap3_contig153	6031	NA	NA	5	NA	NA	1
cap3_contig154	3292	NA	NA	2	NA	NA	3
cap3_contig155	3482	NA	KU244276.1	NA	NA	3	NA
cap3_contig156	5030	KU244273.1	NA	5	NA	NA	1
cap3_contig157	5182	NA	NA	NA	NA	4	NA
cap3_contig158	4058	NA	NA	3	NA	NA	2
cap3_contig159	3957	NA	NA	NA	NA	3	NA
cap3_contig160	4773	NA	NA	3	NA	NA	3
cap3_contig161	4616	NA	NA	4	NA	NA	NA
cap3_contig162	4487	NA	NA	3	NA	NA	NA
cap3_contig163	4773	KU244273.1	NA	5	NA	NA	3
cap3_contig164	4026	NA	NA	NA	NA	1	NA
cap3_contig165	4657	KU244273.1	NA	5	NA	NA	1
cap3_contig166	4512	NA	NA	7	NA	NA	3
cap3_contig167	4283	NA	NA	3	NA	NA	1
cap3_contig168	2178	KU244273.1	NA	2	NA	NA	NA
cap3_contig169	4555	NA	NA	4	NA	NA	3
cap3_contig170	4610	NA	KU244279.1,KU244279.1	3	NA	NA	3
cap3_contig171	4578	NA	NA	5	NA	NA	1
cap3_contig172	4797	NA	NA	4	NA	NA	1
cap3_contig173	4642	NA	NA	4	NA	NA	3
cap3_contig174	4166	NA	NA	4	NA	NA	2
cap3_contig175	3517	NA	NA	NA	NA	3	NA
cap3_contig176	3362	NA	NA	1	NA	NA	NA
cap3_contig177	3808	NA	NA	2	NA	NA	2
cap3_contig178	3201	NA	NA	2	NA	NA	1
cap3_contig179	4583	NA	NA	4	NA	NA	2
cap3_contig180	3590	NA	NA	NA	NA	2	NA
cap3_contig181	4804	NA	NA	5	NA	NA	2
cap3_contig182	4427	NA	KU244275.1	5	NA	NA	1
cap3_contig183	4085	NA	NA	6	NA	NA	4
cap3_contig184	4280	KU244273.1	NA	2	NA	NA	1
cap3_contig185	4749	NA	NA	5	NA	NA	2
cap3_contig186	3992	NA	KU244276.1	NA	NA	NA	3
cap3_contig187	4504	NA	NA	7	NA	NA	6
cap3_contig188	16427	NA	NA	5	NA	NA	3
cap3_contig189	3492	NA	NA	NA	NA	NA	1
cap3_contig190	4529	NA	NA	NA	NA	3	NA
cap3_contig191	3828	NA	NA	2	NA	NA	2
cap3_contig192	4650	NA	NA	3	NA	NA	1
cap3_contig193	16077	NA	NA	3	NA	NA	3
cap3_contig194	5048	NA	NA	5	NA	NA	3
cap3_contig195	4508	NA	NA	3	NA	NA	NA
cap3_contig196	4490	NA	NA	5	NA	NA	1
cap3_contig197	4383	NA	NA	2	NA	NA	2
cap3_contig198	4112	NA	NA	5	NA	NA	2
cap3_contig199	4568	NA	KU244273.1	7	NA	NA	3
cap3_contig200	4515	NA	NA	3	NA	NA	4
cap3_contig201	5117	NA	KU244276.1	6	NA	NA	2
cap3_contig202	4158	NA	NA	4	NA	NA	2
cap3_contig203	5185	NA	NA	6	NA	NA	4
cap3_contig204	6990	NA	NA	4	NA	NA	2
cap3_contig205	4448	NA	KU244279.1	2	NA	NA	4
cap3_contig206	4536	NA	NA	5	NA	NA	1
cap3_contig207	9856	NA	NA	NA	NA	3	NA
cap3_contig208	5575	NA	KU244276.1,KU244276.1	4	NA	NA	2
cap3_contig209	4540	NA	NA	3	NA	NA	NA
cap3_contig210	4144	NA	NA	3	NA	NA	3
cap3_contig211	4554	NA	KU244280.1	NA	NA	3	NA
cap3_contig212	3970	NA	NA	3	NA	NA	2
cap3_contig213	3787	NA	NA	3	NA	NA	4
cap3_contig214	3091	NA	NA	3	NA	NA	1
cap3_contig215	4358	NA	KU244275.1	NA	NA	4	NA
cap3_contig216	16492	NA	KU244280.1	NA	NA	1	NA
cap3_contig217	9669	NA	NA	4	NA	NA	3
cap3_contig218	22733	NA	NA	3	NA	NA	3
cap3_contig219	35581	KU244273.1	NA	NA	NA	NA	3
cap3_contig220	4199	NA	NA	NA	NA	3	NA
cap3_contig221	4004	NA	NA	1	NA	NA	1
cap3_contig222	3672	NA	NA	1	NA	NA	1
cap3_contig223	4285	NA	NA	5	NA	NA	1
cap3_contig224	4520	KU244283.1	NA	3	NA	NA	1
cap3_contig225	5213	NA	NA	4	NA	NA	4
cap3_contig226	3323	NA	NA	NA	NA	NA	NA
cap3_contig227	4472	NA	KU244276.1	6	NA	NA	4
cap3_contig228	4701	NA	KU244279.1	5	NA	NA	5
cap3_contig229	5053	NA	NA	4	NA	NA	1
cap3_contig230	4933	KU244273.1	NA	4	NA	NA	3
cap3_contig231	3573	NA	NA	NA	NA	5	NA
cap3_contig232	4471	NA	NA	NA	NA	1	NA
cap3_contig233	4691	KU244280.1	NA	3	NA	NA	NA
cap3_contig234	5154	KU244273.1	NA	3	NA	NA	1
cap3_contig235	4572	NA	NA	3	NA	NA	NA
cap3_contig236	9901	NA	NA	2	NA	NA	1
cap3_contig237	3999	NA	KU244275.1,KU244275.1	NA	NA	2	NA
cap3_contig238	6326	NA	NA	2	NA	NA	2
cap3_contig239	4227	NA	NA	2	NA	NA	3
cap3_contig240	4261	NA	NA	NA	NA	4	NA
cap3_contig241	5726	NA	KU244276.1	3	NA	NA	5
cap3_contig242	4559	KU244273.1	NA	3	NA	NA	4
cap3_contig243	5026	NA	NA	4	NA	NA	2
cap3_contig244	2909	NA	NA	NA	NA	NA	NA
cap3_contig245	3531	NA	NA	3	NA	NA	1
cap3_contig246	4943	NA	NA	4	NA	NA	2
cap3_contig247	9739	KU244276.1	NA	3	NA	NA	1
cap3_contig248	5006	NA	NA	6	NA	NA	5
cap3_contig249	13271	NA	NA	3	NA	NA	1
cap3_contig250	5147	NA	NA	NA	NA	5	NA
cap3_contig251	5446	KU244279.1	NA	4	NA	NA	NA
cap3_contig252	4757	NA	NA	5	NA	NA	1
cap3_contig253	4119	NA	NA	2	NA	NA	3
cap3_contig254	7126	NA	NA	3	NA	NA	1
cap3_contig255	5012	KU244273.1	NA	6	NA	NA	3
cap3_contig256	3707	NA	NA	3	NA	NA	2
cap3_contig257	4360	NA	NA	3	NA	NA	1
cap3_contig258	4406	NA	NA	6	NA	NA	2
cap3_contig259	4269	KU244275.1	NA	3	NA	NA	3
cap3_contig260	4314	NA	NA	2	NA	NA	1
cap3_contig261	3046	NA	NA	2	NA	NA	NA
cap3_contig262	3854	NA	NA	NA	NA	3	NA
cap3_contig263	4815	NA	NA	4	NA	NA	1
cap3_contig264	10500	NA	NA	3	NA	NA	1
cap3_contig265	4601	NA	NA	4	NA	NA	2
cap3_contig266	4751	NA	KU244276.1	3	NA	NA	1
cap3_contig267	9366	NA	NA	4	NA	NA	2
cap3_contig268	5455	NA	NA	3	NA	NA	6
cap3_contig269	4642	NA	KU244280.1	NA	NA	4	NA
cap3_contig270	3978	NA	NA	5	NA	NA	2
cap3_contig271	4439	KU244273.1	NA	2	NA	NA	2
cap3_contig272	17031	NA	NA	2	NA	NA	NA
cap3_contig273	3979	NA	NA	5	NA	NA	4
cap3_contig274	8119	NA	NA	4	NA	NA	2
cap3_contig275	19968	NA	NA	3	NA	NA	1
cap3_contig276	7403	NA	NA	1	NA	NA	1
cap3_contig277	4758	NA	KU244279.1	4	NA	NA	1
cap3_contig278	4623	NA	NA	3	NA	NA	2
cap3_contig279	5368	NA	NA	4	NA	NA	4
cap3_contig280	4077	NA	NA	2	NA	NA	2
cap3_contig281	5102	KU244273.1	NA	4	NA	NA	2
cap3_contig282	5125	NA	NA	5	NA	NA	4
cap3_contig283	5142	NA	NA	3	NA	NA	1
cap3_contig284	4578	KU244279.1	NA	1	NA	NA	1
cap3_contig285	5826	NA	NA	6	NA	NA	4
cap3_contig286	4758	NA	NA	NA	NA	3	NA
cap3_contig287	5986	NA	KU244280.1,KU244280.1	5	NA	NA	4
cap3_contig288	4965	KU244273.1	NA	6	NA	NA	4
cap3_contig289	5055	NA	KU244279.1	4	NA	NA	1
cap3_contig290	4241	NA	NA	6	NA	NA	4
cap3_contig291	5012	NA	NA	6	NA	NA	4
cap3_contig292	4688	NA	NA	4	NA	NA	2
cap3_contig293	7080	NA	NA	3	NA	NA	2
cap3_contig294	5169	NA	NA	4	NA	NA	1
cap3_contig295	3817	NA	KU244283.1,KU244280.1,KU244275.1,KU244274.1	NA	NA	2	NA
cap3_contig296	3847	NA	NA	3	NA	NA	2
cap3_contig297	4194	NA	NA	3	NA	NA	6
cap3_contig298	4245	NA	NA	3	NA	NA	2
cap3_contig299	4450	NA	KU244279.1	5	NA	NA	3
cap3_contig300	20969	NA	KU244280.1,KU244275.1	2	NA	NA	NA
cap3_contig301	3376	NA	KU244275.1,KU244275.1	NA	NA	NA	NA
cap3_contig302	4566	KU244273.1	NA	5	NA	NA	2
cap3_contig303	4996	NA	KU244275.1	2	NA	NA	4
cap3_contig304	5071	NA	NA	4	NA	NA	3
cap3_contig305	4694	NA	NA	1	NA	1	NA
cap3_contig306	4594	NA	NA	4	NA	NA	2
cap3_contig307	5344	NA	NA	4	NA	NA	2
cap3_contig308	4703	NA	NA	3	NA	NA	3
cap3_contig309	4954	NA	NA	5	NA	NA	1
cap3_contig310	3817	KU244273.1	NA	2	NA	NA	1
cap3_contig311	4071	KU244273.1	NA	4	NA	NA	3
cap3_contig312	4322	NA	NA	4	NA	NA	4
cap3_contig313	9045	NA	NA	2	NA	NA	1
cap3_contig314	4213	NA	KU244279.1	5	NA	NA	3
cap3_contig315	5150	KU244279.1	NA	6	NA	NA	1
cap3_contig316	4517	NA	KU244279.1	3	NA	NA	1
cap3_contig317	18460	KU244273.1	NA	4	NA	NA	2
cap3_contig318	4890	NA	NA	4	NA	NA	2
cap3_contig319	4310	NA	NA	5	NA	NA	3
cap3_contig320	4200	NA	NA	3	NA	NA	2
cap3_contig321	4459	NA	NA	3	NA	NA	1
cap3_contig322	5043	KU244273.1	NA	3	NA	NA	4
cap3_contig323	4773	NA	NA	NA	NA	6	NA
cap3_contig324	7399	NA	NA	4	NA	NA	3
cap3_contig325	4997	NA	NA	6	NA	NA	3
cap3_contig326	4137	NA	NA	3	NA	NA	1
cap3_contig327	5384	NA	KU244276.1	4	NA	NA	3
cap3_contig328	4089	NA	NA	4	NA	NA	3
cap3_contig329	4610	NA	NA	5	NA	NA	3
cap3_contig330	4670	NA	NA	3	NA	NA	3
cap3_contig331	4874	NA	NA	3	NA	NA	3
cap3_contig332	4706	NA	KU244279.1	7	NA	NA	4
cap3_contig333	4084	NA	KU244275.1	4	NA	NA	5
cap3_contig334	5008	NA	NA	3	NA	NA	NA
cap3_contig335	3800	NA	NA	2	NA	NA	NA
cap3_contig336	4439	NA	NA	3	NA	NA	4
cap3_contig337	4585	NA	NA	3	NA	NA	1
cap3_contig338	4219	NA	NA	1	NA	6	NA
cap3_contig339	4624	NA	NA	5	NA	NA	2
cap3_contig340	4214	NA	NA	2	NA	NA	1
cap3_contig341	4506	NA	NA	5	NA	NA	1
cap3_contig342	4139	NA	NA	2	NA	NA	1
cap3_contig343	5082	NA	NA	5	NA	NA	2
cap3_contig344	4583	NA	NA	5	NA	NA	4
cap3_contig345	4598	NA	NA	4	NA	NA	2
cap3_contig346	28845	NA	NA	3	NA	NA	1
cap3_contig347	5260	NA	KU244280.1	5	NA	NA	3
cap3_contig348	15672	NA	NA	3	NA	NA	2
cap3_contig349	4124	NA	NA	3	NA	NA	3
cap3_contig350	3418	NA	NA	3	NA	NA	1
cap3_contig351	8484	NA	KU244275.1	NA	NA	5	NA
cap3_contig352	4454	NA	KU244276.1	4	NA	NA	2
cap3_contig353	4146	KU244280.1	NA	NA	NA	3	NA
cap3_contig354	5452	KU244276.1	NA	4	NA	NA	1
cap3_contig355	4669	NA	NA	3	NA	NA	3
cap3_contig356	7737	NA	NA	NA	NA	4	NA
cap3_contig357	8805	KU244273.1	NA	4	NA	NA	2
cap3_contig358	5508	NA	NA	3	NA	NA	NA
cap3_contig359	4250	NA	KU244274.1,KU244273.1	6	NA	NA	1
cap3_contig360	4704	NA	NA	2	NA	NA	2
cap3_contig361	4665	NA	NA	3	NA	NA	NA
cap3_contig362	12041	NA	NA	5	NA	NA	1
cap3_contig363	4462	NA	NA	3	NA	NA	2
cap3_contig364	6025	NA	NA	NA	NA	3	NA
cap3_contig365	6835	NA	NA	NA	NA	3	NA
cap3_contig366	3396	NA	NA	2	NA	NA	3
cap3_contig367	4896	NA	NA	2	NA	NA	NA
cap3_contig368	2925	NA	NA	2	NA	NA	2
cap3_contig369	4012	NA	NA	1	NA	NA	NA
cap3_contig370	4815	KU244273.1	NA	1	NA	NA	3
cap3_contig371	4746	NA	KU244279.1	4	NA	NA	3
cap3_contig372	20007	NA	NA	3	NA	NA	3
cap3_contig373	4319	NA	NA	4	NA	NA	4
cap3_contig374	3832	NA	NA	1	NA	NA	1
cap3_contig375	4814	NA	KU244275.1	2	NA	NA	1
cap3_contig376	4978	NA	NA	4	NA	NA	2
cap3_contig377	4446	NA	NA	2	NA	NA	2
cap3_contig378	3948	NA	NA	NA	NA	1	NA
cap3_contig379	2654	NA	NA	1	NA	NA	NA
cap3_contig380	5075	NA	NA	2	NA	NA	1
cap3_contig381	3288	NA	NA	3	NA	NA	1
cap3_contig382	4968	NA	NA	4	NA	NA	2
cap3_contig383	4359	NA	NA	4	NA	NA	4
cap3_contig384	4270	NA	KU244275.1,KU244275.1	NA	NA	1	NA
cap3_contig385	6355	NA	NA	4	NA	NA	2
cap3_contig386	6985	NA	NA	4	NA	NA	5
cap3_contig387	4502	NA	NA	4	NA	NA	5
cap3_contig388	4744	NA	KU244280.1,KU244280.1	4	NA	NA	1
cap3_contig389	4997	KU244273.1	NA	5	NA	NA	4
cap3_contig390	4911	NA	NA	3	NA	NA	NA
cap3_contig391	4156	NA	NA	3	NA	NA	2
cap3_contig392	10176	NA	NA	4	NA	NA	2
cap3_contig393	8469	NA	KU244279.1	NA	NA	6	NA
cap3_contig394	4241	NA	NA	3	NA	NA	2
cap3_contig395	5010	KU244276.1	NA	3	NA	NA	1
cap3_contig396	4141	NA	NA	4	NA	NA	2
cap3_contig397	6055	KU244273.1	NA	2	NA	NA	2
cap3_contig398	4192	NA	NA	2	NA	NA	3
cap3_contig399	15161	NA	NA	1	NA	NA	1
cap3_contig400	4615	KU244283.1	NA	3	NA	NA	4
cap3_contig401	4494	NA	NA	6	NA	NA	3
cap3_contig402	3352	NA	KU244275.1	NA	NA	3	NA
cap3_contig403	4605	NA	NA	6	NA	NA	2
cap3_contig404	4962	NA	NA	3	NA	NA	3
cap3_contig405	4782	NA	NA	6	NA	1	NA
cap3_contig406	4530	NA	KU244280.1,KU244275.1	NA	NA	5	NA
cap3_contig407	3943	NA	NA	4	NA	NA	3
cap3_contig408	4841	NA	NA	4	NA	NA	4
cap3_contig409	3651	NA	KU244276.1	1	NA	NA	1
cap3_contig410	4283	NA	NA	3	NA	NA	NA
cap3_contig411	5349	NA	NA	3	NA	NA	2
cap3_contig412	3523	NA	NA	1	NA	NA	NA
cap3_contig413	4204	NA	NA	3	NA	NA	NA
cap3_contig414	3673	NA	NA	3	NA	NA	1
cap3_contig415	3941	NA	KU244280.1	3	NA	NA	1
cap3_contig416	8532	NA	NA	6	NA	NA	2
cap3_contig417	4244	NA	NA	3	NA	NA	NA
cap3_contig418	4824	KU244283.1	NA	2	NA	NA	5
cap3_contig419	5115	NA	KU244275.1	3	NA	NA	1
cap3_contig420	6863	NA	NA	5	NA	NA	2
cap3_contig421	11247	NA	NA	4	NA	NA	3
cap3_contig422	4564	KU244283.1	NA	2	NA	NA	2
cap3_contig423	4401	NA	NA	3	NA	NA	1
cap3_contig424	4605	NA	NA	6	NA	NA	4
cap3_contig425	5121	NA	KU244276.1	4	NA	NA	1
cap3_contig426	4707	NA	NA	5	NA	NA	2
cap3_contig427	4690	NA	NA	4	NA	NA	1
cap3_contig428	4435	NA	NA	3	NA	NA	4
cap3_contig429	4881	NA	KU244273.1	6	NA	NA	4
cap3_contig430	5312	NA	NA	2	NA	NA	2
cap3_contig431	4376	NA	NA	4	NA	NA	4
cap3_contig432	15790	NA	KU244280.1,KU244276.1	5	NA	NA	2
cap3_contig433	4284	NA	NA	6	NA	NA	4
cap3_contig434	4818	NA	NA	2	NA	NA	2
cap3_contig435	3489	NA	NA	3	NA	NA	2
cap3_contig436	4654	NA	NA	5	NA	NA	3
cap3_contig437	8531	NA	NA	5	NA	NA	2
cap3_contig438	5287	NA	NA	4	NA	NA	2
cap3_contig439	3569	NA	NA	1	NA	NA	2
cap3_contig440	4473	NA	NA	5	NA	NA	2
cap3_contig441	14619	NA	NA	5	NA	NA	2
cap3_contig442	4075	NA	NA	2	NA	NA	1
cap3_contig443	7351	NA	NA	2	NA	NA	1
cap3_contig444	4268	NA	NA	3	NA	NA	1
cap3_contig445	4275	NA	NA	4	NA	NA	4
cap3_contig446	5052	KU244280.1	NA	5	NA	NA	3
cap3_contig447	4520	NA	NA	3	NA	NA	4
cap3_contig448	4019	NA	NA	5	NA	NA	1
cap3_contig449	5521	NA	NA	4	NA	NA	4
cap3_contig450	4502	NA	NA	4	NA	NA	1
cap3_contig451	4312	NA	NA	4	NA	NA	2
cap3_contig452	6503	NA	NA	NA	NA	5	NA
cap3_contig453	3540	NA	NA	NA	NA	4	NA
cap3_contig454	5212	NA	NA	5	NA	NA	3
cap3_contig455	5205	NA	KU244273.1	6	NA	NA	3
cap3_contig456	5242	NA	NA	4	NA	NA	NA
cap3_contig457	5885	NA	KU244274.1	6	NA	NA	5
cap3_contig458	10427	NA	NA	4	NA	NA	NA
cap3_contig459	16934	NA	NA	NA	NA	NA	1
cap3_contig460	4568	NA	NA	5	NA	NA	NA
cap3_contig461	4138	NA	NA	4	NA	NA	4
cap3_contig462	4794	NA	NA	3	NA	NA	3
cap3_contig463	4159	NA	NA	4	NA	NA	4
cap3_contig464	4670	NA	NA	4	NA	NA	1
cap3_contig465	4941	NA	NA	4	NA	NA	1
cap3_contig466	4904	NA	KU244275.1,KU244275.1	4	NA	NA	2
cap3_contig467	4346	NA	NA	NA	NA	2	NA
cap3_contig468	5057	NA	KU244273.1	4	NA	NA	3
cap3_contig469	5584	NA	NA	4	NA	NA	1
cap3_contig470	4219	NA	NA	2	NA	NA	1
cap3_contig471	3806	NA	NA	NA	NA	5	NA
cap3_contig472	4082	NA	KU244274.1	3	NA	NA	1
cap3_contig473	4431	NA	NA	3	NA	NA	2
cap3_contig474	3476	NA	NA	NA	NA	6	NA
cap3_contig475	9198	NA	NA	4	NA	NA	1
cap3_contig476	3851	NA	NA	4	NA	NA	1
cap3_contig477	4882	NA	NA	4	NA	NA	2
cap3_contig478	4300	NA	NA	4	NA	NA	1
cap3_contig479	2777	NA	KU244273.1	NA	NA	1	NA
cap3_contig480	4686	NA	NA	5	NA	NA	2
m84047_230825_124911_s4/251794694/ccs	2892	NA	NA	NA	NA	NA	NA
m84047_230825_124911_s4/257562268/ccs	4045	NA	NA	NA	NA	12	NA
m84047_230825_124911_s4/252317367/ccs	5212	NA	NA	4	NA	NA	2
m84047_230825_124911_s4/263394417/ccs	11393	NA	NA	NA	NA	NA	NA
m84047_230825_124911_s4/241047378/ccs	4981	NA	KU244279.1,KU244279.1	2	NA	NA	4
m84047_230825_124911_s4/257955217/ccs	6780	NA	NA	6	NA	NA	4
m84047_230825_124911_s4/241112829/ccs	4063	NA	NA	6	NA	NA	6
m84047_230825_124911_s4/235802512/ccs	4049	NA	KU244275.1,KU244275.1	NA	NA	6	NA
m84047_230825_124911_s4/252777796/ccs	9559	NA	NA	4	NA	NA	2
m84047_230825_124911_s4/241374719/ccs	3888	NA	NA	4	NA	NA	NA
m84047_230825_124911_s4/235934296/ccs	2583	NA	NA	NA	NA	4	NA
m84047_230825_124911_s4/253234351/ccs	2155	NA	NA	4	NA	NA	NA
m84047_230825_124911_s4/241833120/ccs	3317	NA	NA	4	NA	NA	2
m84047_230825_124911_s4/236654508/ccs	2863	NA	KU244280.1,KU244280.1	4	NA	NA	4
m84047_230825_124911_s4/247666302/ccs	2358	NA	NA	4	NA	NA	4
m84047_230825_124911_s4/242224555/ccs	3293	NA	NA	6	NA	NA	2
m84047_230825_124911_s4/242161312/ccs	4030	NA	NA	2	NA	NA	4
m84047_230825_124911_s4/242224517/ccs	8261	NA	NA	6	NA	NA	4
m84047_230825_124911_s4/242355382/ccs	11060	NA	NA	6	NA	NA	2
m84047_230825_124911_s4/237311814/ccs	5881	NA	NA	6	NA	NA	6
m84047_230825_124911_s4/253955336/ccs	5939	NA	NA	2	NA	NA	NA
m84047_230825_124911_s4/248190329/ccs	6495	NA	KU244280.1,KU244280.1	12	NA	NA	2
m84047_230825_124911_s4/265033399/ccs	3214	NA	NA	2	NA	NA	NA
m84047_230825_124911_s4/237899090/ccs	5960	NA	NA	NA	NA	6	NA
m84047_230825_124911_s4/238162656/ccs	3003	NA	NA	2	NA	NA	NA
m84047_230825_124911_s4/259724175/ccs	4923	NA	KU244279.1,KU244279.1,KU244274.1,KU244274.1	8	NA	NA	8
m84047_230825_124911_s4/259855332/ccs	3110	NA	NA	4	NA	NA	NA
m84047_230825_124911_s4/243668223/ccs	6711	NA	NA	2	NA	NA	NA
m84047_230825_124911_s4/239474120/ccs	2296	NA	NA	4	NA	NA	NA
m84047_230825_124911_s4/255266783/ccs	2606	NA	NA	2	NA	NA	NA
m84047_230825_124911_s4/255530411/ccs	5892	NA	NA	NA	NA	4	NA
m84047_230825_124911_s4/261296004/ccs	3896	NA	NA	NA	NA	10	NA
m84047_230825_124911_s4/266933865/ccs	4130	KU244283.1,KU244283.1	NA	4	NA	NA	NA
m84047_230825_124911_s4/250550121/ccs	4205	NA	NA	2	NA	NA	2
m84047_230825_124911_s4/201593632/ccs	2083	NA	NA	NA	NA	NA	2
m84047_230825_124911_s4/245306049/ccs	11213	NA	NA	6	NA	NA	6
m84047_230825_124911_s4/245567761/ccs	3415	NA	KU244280.1,KU244280.1,KU244275.1,KU244275.1	NA	NA	4	NA
m84047_230825_124911_s4/201921190/ccs	2928	NA	KU244275.1,KU244275.1	NA	NA	4	NA
m84047_230825_124911_s4/256839275/ccs	4313	NA	NA	8	NA	NA	4
m84047_230825_124911_s4/245699375/ccs	2969	NA	NA	NA	NA	NA	NA
m84047_230825_124911_s4/262476952/ccs	8736	NA	NA	4	NA	NA	2
m84047_230825_124911_s4/202379784/ccs	2825	KU244283.1,KU244283.1	NA	6	NA	NA	2
m84047_230825_124911_s4/206966930/ccs	9449	NA	NA	2	NA	NA	2
m84047_230825_124911_s4/207098497/ccs	6849	NA	NA	4	NA	NA	NA
m84047_230825_124911_s4/262738421/ccs	3818	NA	KU244280.1,KU244280.1	NA	NA	8	NA
m84047_230825_124911_s4/202903996/ccs	8883	NA	NA	12	NA	NA	6
m84047_230825_124911_s4/218696963/ccs	3901	NA	NA	6	NA	NA	2
m84047_230825_124911_s4/207557362/ccs	4741	NA	NA	8	NA	NA	4
m84047_230825_124911_s4/224072759/ccs	3906	NA	NA	12	NA	NA	4
m84047_230825_124911_s4/207752613/ccs	4268	NA	NA	8	NA	NA	8
m84047_230825_124911_s4/207753836/ccs	1120	NA	NA	6	NA	NA	2
m84047_230825_124911_s4/230298504/ccs	1774	NA	NA	6	NA	NA	4
m84047_230825_124911_s4/224399270/ccs	2210	NA	NA	2	NA	NA	4
m84047_230825_124911_s4/203429273/ccs	3775	NA	KU244273.1,KU244273.1	2	NA	NA	2
m84047_230825_124911_s4/219222712/ccs	6237	NA	NA	2	NA	NA	NA
m84047_230825_124911_s4/213783527/ccs	7402	NA	NA	4	NA	NA	2
m84047_230825_124911_s4/219680459/ccs	8586	NA	NA	6	NA	NA	6
m84047_230825_124911_s4/230953652/ccs	1587	NA	NA	NA	NA	2	NA
m84047_230825_124911_s4/214439509/ccs	5848	NA	NA	NA	NA	NA	NA
m84047_230825_124911_s4/220272250/ccs	3800	NA	NA	4	NA	NA	2
m84047_230825_124911_s4/209065514/ccs	3801	NA	KU244274.1,KU244274.1	4	NA	NA	NA
m84047_230825_124911_s4/209195648/ccs	2691	NA	KU244280.1,KU244280.1,KU244275.1,KU244275.1	NA	NA	NA	2
m84047_230825_124911_s4/214700584/ccs	15694	NA	NA	6	NA	NA	2
m84047_230825_124911_s4/231542738/ccs	8688	KU244273.1,KU244273.1	NA	6	NA	NA	4
m84047_230825_124911_s4/204803527/ccs	11434	NA	NA	6	NA	NA	6
m84047_230825_124911_s4/209588906/ccs	1913	NA	NA	NA	NA	6	NA
m84047_230825_124911_s4/226039107/ccs	4454	NA	NA	NA	NA	NA	10
m84047_230825_124911_s4/231870604/ccs	5574	NA	NA	2	NA	NA	2
m84047_230825_124911_s4/205002531/ccs	7884	NA	NA	8	NA	NA	4
m84047_230825_124911_s4/209917071/ccs	4063	NA	NA	NA	NA	8	NA
m84047_230825_124911_s4/226431066/ccs	3004	NA	NA	NA	2	NA	NA
m84047_230825_124911_s4/221255660/ccs	10896	NA	NA	6	NA	NA	4
m84047_230825_124911_s4/205394582/ccs	3278	NA	NA	4	NA	NA	2
m84047_230825_124911_s4/226758209/ccs	3907	KU244279.1,KU244279.1	NA	6	NA	NA	2
m84047_230825_124911_s4/215749957/ccs	7359	NA	NA	4	NA	NA	4
m84047_230825_124911_s4/232525050/ccs	2763	NA	NA	NA	NA	2	NA
m84047_230825_124911_s4/210441884/ccs	2129	NA	KU244279.1,KU244279.1	6	NA	NA	NA
m84047_230825_124911_s4/232593136/ccs	4683	NA	NA	NA	NA	4	NA
m84047_230825_124911_s4/232592842/ccs	4179	NA	KU244280.1,KU244280.1	NA	NA	2	NA
m84047_230825_124911_s4/210833175/ccs	3226	NA	NA	2	NA	NA	NA
m84047_230825_124911_s4/210833645/ccs	1897	KU244273.1,KU244273.1	NA	NA	NA	2	NA
m84047_230825_124911_s4/210834858/ccs	4239	NA	KU244279.1,KU244279.1	6	NA	NA	6
m84047_230825_124911_s4/210966132/ccs	5207	NA	NA	NA	6	NA	2
m84047_230825_124911_s4/233050640/ccs	2751	NA	KU244274.1,KU244274.1	2	NA	NA	2
m84047_230825_124911_s4/227480226/ccs	15665	NA	NA	NA	NA	2	NA
m84047_230825_124911_s4/222303335/ccs	3593	NA	KU244280.1,KU244280.1	NA	NA	4	NA
m84047_230825_124911_s4/206444432/ccs	1104	NA	NA	4	NA	NA	2
m84047_230825_124911_s4/211357572/ccs	11734	NA	NA	2	NA	NA	NA
m84047_230825_124911_s4/211422590/ccs	7793	NA	NA	2	NA	NA	2
m84047_230825_124911_s4/227676639/ccs	7134	NA	NA	2	NA	NA	2
m84047_230825_124911_s4/227742037/ccs	6744	NA	NA	NA	NA	10	NA
m84047_230825_124911_s4/233706702/ccs	3970	NA	KU244275.1,KU244275.1	NA	NA	4	NA
m84047_230825_124911_s4/228136617/ccs	15601	NA	NA	NA	NA	2	NA
m84047_230825_124911_s4/228200590/ccs	3691	NA	NA	NA	NA	8	NA
m84047_230825_124911_s4/212012832/ccs	1565	NA	NA	NA	NA	6	NA
m84047_230825_124911_s4/212080608/ccs	9812	NA	NA	4	NA	NA	2
m84047_230825_124911_s4/223155030/ccs	9654	NA	NA	6	NA	NA	2
m84047_230825_124911_s4/223285636/ccs	3276	NA	NA	NA	NA	4	NA
m84047_230825_124911_s4/168367787/ccs	5175	NA	NA	NA	NA	4	NA
m84047_230825_124911_s4/217845355/ccs	3170	NA	NA	6	NA	NA	4
m84047_230825_124911_s4/168497186/ccs	2639	NA	NA	NA	NA	NA	NA
m84047_230825_124911_s4/217913259/ccs	4041	NA	NA	6	NA	NA	NA
m84047_230825_124911_s4/217978248/ccs	3420	NA	NA	6	NA	NA	6
m84047_230825_124911_s4/168628403/ccs	4303	NA	KU244275.1,KU244275.1	NA	NA	10	NA
m84047_230825_124911_s4/173608880/ccs	4118	NA	NA	2	NA	6	NA
m84047_230825_124911_s4/228855646/ccs	4314	NA	NA	6	NA	NA	4
m84047_230825_124911_s4/168693778/ccs	3516	NA	NA	4	NA	NA	NA
m84047_230825_124911_s4/234623848/ccs	3583	NA	NA	NA	NA	6	NA
m84047_230825_124911_s4/173870122/ccs	2861	NA	KU244279.1,KU244279.1	2	NA	NA	2
m84047_230825_124911_s4/179244325/ccs	7666	NA	NA	NA	NA	4	NA
m84047_230825_124911_s4/168956334/ccs	4443	NA	NA	6	NA	NA	2
m84047_230825_124911_s4/195759368/ccs	3294	NA	NA	NA	NA	4	NA
m84047_230825_124911_s4/174197938/ccs	3386	NA	NA	NA	NA	4	NA
m84047_230825_124911_s4/179637601/ccs	4701	NA	NA	NA	NA	4	NA
m84047_230825_124911_s4/169414878/ccs	3392	NA	NA	4	NA	NA	2
m84047_230825_124911_s4/185603278/ccs	4109	NA	NA	12	NA	NA	NA
m84047_230825_124911_s4/190517088/ccs	7413	NA	NA	2	NA	NA	NA
m84047_230825_124911_s4/174525764/ccs	2350	NA	NA	NA	NA	NA	NA
m84047_230825_124911_s4/196220289/ccs	11647	NA	NA	2	NA	NA	4
m84047_230825_124911_s4/169612835/ccs	4204	KU244280.1,KU244280.1	NA	6	NA	NA	NA
m84047_230825_124911_s4/190975370/ccs	1666	NA	NA	NA	NA	2	NA
m84047_230825_124911_s4/175248197/ccs	3837	NA	NA	NA	NA	2	NA
m84047_230825_124911_s4/181014069/ccs	6088	NA	NA	NA	NA	NA	2
m84047_230825_124911_s4/197398273/ccs	4390	NA	NA	4	NA	NA	2
m84047_230825_124911_s4/175574458/ccs	8729	NA	NA	2	NA	NA	4
m84047_230825_124911_s4/175576322/ccs	11424	NA	NA	6	NA	NA	6
m84047_230825_124911_s4/197464729/ccs	4618	NA	NA	4	NA	NA	2
m84047_230825_124911_s4/181145458/ccs	6067	NA	NA	6	NA	NA	2
m84047_230825_124911_s4/187110299/ccs	2968	NA	NA	4	NA	NA	2
m84047_230825_124911_s4/175836462/ccs	4952	NA	KU244273.1,KU244273.1	10	NA	NA	4
m84047_230825_124911_s4/170792389/ccs	3587	NA	NA	10	NA	NA	6
m84047_230825_124911_s4/187305229/ccs	5349	NA	NA	4	NA	NA	NA
m84047_230825_124911_s4/187242408/ccs	4234	NA	NA	2	NA	NA	2
m84047_230825_124911_s4/181538489/ccs	1467	NA	NA	NA	NA	4	NA
m84047_230825_124911_s4/187373088/ccs	3610	NA	NA	4	NA	NA	NA
m84047_230825_124911_s4/171118385/ccs	2353	NA	NA	NA	NA	NA	NA
m84047_230825_124911_s4/171316147/ccs	14372	NA	NA	NA	2	NA	2
m84047_230825_124911_s4/171447278/ccs	3661	NA	NA	NA	NA	8	NA
m84047_230825_124911_s4/171512317/ccs	3901	NA	NA	NA	NA	10	NA
m84047_230825_124911_s4/176428884/ccs	3919	NA	NA	10	NA	NA	8
m84047_230825_124911_s4/182195410/ccs	7866	NA	NA	NA	2	NA	NA
m84047_230825_124911_s4/187960344/ccs	5993	KU244273.1,KU244273.1	NA	NA	2	4	NA
m84047_230825_124911_s4/192614431/ccs	7705	NA	KU244273.1,KU244273.1	NA	NA	2	NA
m84047_230825_124911_s4/192616226/ccs	2253	NA	NA	NA	NA	4	NA
m84047_230825_124911_s4/176756252/ccs	11827	NA	NA	NA	NA	6	NA
m84047_230825_124911_s4/176886075/ccs	8002	NA	NA	2	NA	NA	NA
m84047_230825_124911_s4/182652788/ccs	2943	NA	NA	2	NA	NA	NA
m84047_230825_124911_s4/172495799/ccs	4190	NA	NA	6	NA	NA	2
m84047_230825_124911_s4/182916054/ccs	3593	NA	KU244280.1,KU244280.1,KU244280.1,KU244280.1	NA	NA	4	NA
m84047_230825_124911_s4/193204876/ccs	2727	NA	NA	NA	2	NA	2
m84047_230825_124911_s4/182981651/ccs	2435	NA	NA	NA	NA	NA	NA
m84047_230825_124911_s4/183045409/ccs	2615	NA	KU244276.1,KU244276.1	NA	NA	4	NA
m84047_230825_124911_s4/199364945/ccs	2853	NA	NA	4	NA	NA	4
m84047_230825_124911_s4/173283174/ccs	3013	NA	NA	2	NA	NA	2
m84047_230825_124911_s4/188945907/ccs	2343	NA	NA	4	NA	NA	4
m84047_230825_124911_s4/199497404/ccs	7677	NA	NA	6	NA	NA	4
m84047_230825_124911_s4/177803302/ccs	3087	NA	KU244274.1,KU244274.1	NA	2	NA	NA
m84047_230825_124911_s4/134484326/ccs	7866	NA	NA	4	NA	NA	2
m84047_230825_124911_s4/178001490/ccs	3349	NA	NA	2	NA	NA	NA
m84047_230825_124911_s4/183700501/ccs	8101	NA	NA	4	NA	NA	4
m84047_230825_124911_s4/189533439/ccs	2165	NA	NA	NA	NA	NA	NA
m84047_230825_124911_s4/178392688/ccs	3469	NA	NA	NA	NA	2	NA
m84047_230825_124911_s4/194188087/ccs	6100	NA	NA	6	NA	NA	2
m84047_230825_124911_s4/184096650/ccs	2342	NA	NA	2	NA	NA	2
m84047_230825_124911_s4/135335289/ccs	16764	NA	NA	NA	NA	NA	2
m84047_230825_124911_s4/135468005/ccs	12711	NA	NA	4	NA	NA	4
m84047_230825_124911_s4/178787840/ccs	4134	NA	NA	4	NA	NA	4
m84047_230825_124911_s4/135664034/ccs	3997	NA	NA	8	NA	NA	4
m84047_230825_124911_s4/139793607/ccs	4603	NA	NA	4	NA	NA	4
m84047_230825_124911_s4/194776104/ccs	10886	NA	NA	4	NA	NA	2
m84047_230825_124911_s4/151129289/ccs	7872	NA	KU244274.1,KU244274.1	NA	NA	6	NA
m84047_230825_124911_s4/145625630/ccs	9142	NA	NA	NA	NA	6	NA
m84047_230825_124911_s4/140317686/ccs	3145	NA	NA	6	NA	NA	2
m84047_230825_124911_s4/195105190/ccs	4917	NA	KU244274.1,KU244274.1	6	NA	NA	4
m84047_230825_124911_s4/151459704/ccs	9579	NA	NA	4	NA	NA	2
m84047_230825_124911_s4/140449411/ccs	1914	NA	NA	6	NA	NA	2
m84047_230825_124911_s4/195432677/ccs	7993	NA	NA	10	NA	NA	8
m84047_230825_124911_s4/146412984/ccs	2435	NA	NA	NA	NA	NA	NA
m84047_230825_124911_s4/162534918/ccs	3235	NA	NA	NA	NA	8	NA
m84047_230825_124911_s4/152048728/ccs	3899	NA	KU244274.1,KU244274.1	8	NA	NA	6
m84047_230825_124911_s4/140842626/ccs	1349	NA	NA	2	NA	NA	4
m84047_230825_124911_s4/162598113/ccs	3876	KU244273.1,KU244273.1	NA	NA	NA	6	NA
m84047_230825_124911_s4/146543193/ccs	14466	KU244276.1,KU244276.1	NA	2	NA	NA	6
m84047_230825_124911_s4/136843157/ccs	3565	NA	NA	8	NA	NA	6
m84047_230825_124911_s4/162731606/ccs	22154	NA	NA	4	NA	NA	2
m84047_230825_124911_s4/141170487/ccs	3219	NA	NA	NA	2	NA	NA
m84047_230825_124911_s4/146871515/ccs	7504	NA	NA	6	NA	NA	4
m84047_230825_124911_s4/137303664/ccs	2910	NA	NA	2	NA	NA	2
m84047_230825_124911_s4/147264125/ccs	4294	NA	KU244275.1,KU244275.1,KU244275.1,KU244275.1	6	NA	NA	4
m84047_230825_124911_s4/141825802/ccs	8301	NA	NA	2	NA	NA	2
m84047_230825_124911_s4/137629838/ccs	3119	NA	NA	NA	NA	2	NA
m84047_230825_124911_s4/153162987/ccs	2311	NA	NA	NA	NA	2	NA
m84047_230825_124911_s4/153162942/ccs	2707	NA	NA	NA	NA	4	NA
m84047_230825_124911_s4/137762779/ccs	10072	NA	NA	8	NA	NA	2
m84047_230825_124911_s4/147524813/ccs	11567	NA	KU244273.1,KU244273.1	6	NA	NA	6
m84047_230825_124911_s4/147592290/ccs	2311	NA	NA	NA	NA	NA	NA
m84047_230825_124911_s4/147591942/ccs	4450	NA	NA	NA	2	NA	NA
m84047_230825_124911_s4/153423039/ccs	1869	NA	NA	4	NA	NA	2
m84047_230825_124911_s4/138221217/ccs	3969	NA	NA	4	NA	NA	2
m84047_230825_124911_s4/138221320/ccs	4475	NA	NA	NA	NA	6	NA
m84047_230825_124911_s4/148116612/ccs	4451	NA	NA	6	NA	NA	6
m84047_230825_124911_s4/142872826/ccs	14914	NA	NA	4	NA	NA	2
m84047_230825_124911_s4/148248485/ccs	3442	NA	KU244280.1,KU244280.1	NA	NA	4	NA
m84047_230825_124911_s4/138548345/ccs	4340	NA	NA	8	NA	NA	4
m84047_230825_124911_s4/148377108/ccs	2529	NA	NA	4	NA	NA	4
m84047_230825_124911_s4/138742991/ccs	4266	KU244275.1,KU244275.1	NA	NA	NA	6	NA
m84047_230825_124911_s4/143201253/ccs	8279	NA	NA	4	NA	NA	4
m84047_230825_124911_s4/148704571/ccs	3794	NA	NA	4	NA	NA	NA
m84047_230825_124911_s4/164695542/ccs	4488	NA	NA	6	NA	NA	NA
m84047_230825_124911_s4/148772572/ccs	4424	NA	NA	8	NA	NA	6
m84047_230825_124911_s4/148772773/ccs	7708	NA	NA	4	NA	NA	NA
m84047_230825_124911_s4/143396282/ccs	3918	NA	NA	8	NA	NA	8
m84047_230825_124911_s4/154668926/ccs	3676	NA	NA	6	NA	NA	4
m84047_230825_124911_s4/159387523/ccs	6850	NA	NA	4	NA	NA	4
m84047_230825_124911_s4/149163428/ccs	11385	NA	NA	6	NA	NA	6
m84047_230825_124911_s4/143791762/ccs	2158	NA	NA	NA	NA	NA	NA
m84047_230825_124911_s4/165220382/ccs	6211	NA	NA	NA	NA	4	NA
m84047_230825_124911_s4/139334781/ccs	3222	NA	NA	NA	NA	10	NA
m84047_230825_124911_s4/143856990/ccs	4319	NA	NA	10	NA	NA	2
m84047_230825_124911_s4/159913672/ccs	3411	NA	NA	4	NA	NA	4
m84047_230825_124911_s4/144119260/ccs	2823	NA	NA	2	NA	NA	2
m84047_230825_124911_s4/165418877/ccs	3641	NA	NA	2	NA	NA	4
m84047_230825_124911_s4/165481981/ccs	2330	NA	NA	4	NA	NA	NA
m84047_230825_124911_s4/149688384/ccs	4327	NA	KU244275.1,KU244275.1	NA	NA	12	NA
m84047_230825_124911_s4/100798779/ccs	7769	NA	NA	2	NA	NA	2
m84047_230825_124911_s4/100798218/ccs	2726	NA	KU244275.1,KU244275.1	NA	NA	NA	NA
m84047_230825_124911_s4/160238814/ccs	3365	NA	KU244280.1,KU244280.1	6	NA	NA	4
m84047_230825_124911_s4/100930435/ccs	3383	KU244283.1,KU244283.1	NA	4	NA	NA	6
m84047_230825_124911_s4/101060985/ccs	3145	NA	NA	4	NA	NA	4
m84047_230825_124911_s4/165876681/ccs	944	NA	NA	NA	NA	NA	NA
m84047_230825_124911_s4/155783717/ccs	2799	KU244273.1,KU244273.1	NA	NA	NA	NA	NA
m84047_230825_124911_s4/160697728/ccs	9583	NA	KU244274.1,KU244274.1	8	NA	NA	4
m84047_230825_124911_s4/101455240/ccs	8019	NA	KU244275.1,KU244275.1	NA	NA	4	NA
m84047_230825_124911_s4/144772997/ccs	3585	NA	KU244276.1,KU244276.1	NA	NA	2	NA
m84047_230825_124911_s4/150607180/ccs	3632	NA	NA	4	NA	NA	2
m84047_230825_124911_s4/101979823/ccs	8017	NA	NA	2	NA	NA	2
m84047_230825_124911_s4/145233584/ccs	2053	NA	NA	4	NA	NA	2
m84047_230825_124911_s4/145362590/ccs	2690	NA	NA	NA	2	NA	NA
m84047_230825_124911_s4/150738154/ccs	4591	NA	NA	8	NA	NA	6
m84047_230825_124911_s4/150867751/ccs	3834	NA	NA	NA	NA	10	NA
m84047_230825_124911_s4/161549396/ccs	4115	NA	NA	4	NA	NA	4
m84047_230825_124911_s4/106565089/ccs	4596	NA	NA	8	NA	NA	4
m84047_230825_124911_s4/166924325/ccs	3107	NA	NA	NA	2	6	NA
m84047_230825_124911_s4/166925505/ccs	8195	NA	NA	2	NA	NA	2
m84047_230825_124911_s4/117839227/ccs	1878	NA	NA	6	NA	NA	6
m84047_230825_124911_s4/117838842/ccs	3169	NA	KU244279.1,KU244279.1,KU244273.1,KU244273.1	NA	NA	NA	NA
m84047_230825_124911_s4/161747089/ccs	3070	NA	KU244283.1,KU244283.1,KU244276.1,KU244276.1	NA	NA	4	NA
m84047_230825_124911_s4/106893126/ccs	3069	NA	NA	4	NA	NA	2
m84047_230825_124911_s4/112200969/ccs	2610	NA	NA	4	NA	NA	2
m84047_230825_124911_s4/167318022/ccs	3441	NA	NA	2	NA	NA	2
m84047_230825_124911_s4/112397348/ccs	2312	NA	NA	4	NA	NA	4
m84047_230825_124911_s4/162075440/ccs	4113	NA	KU244274.1,KU244274.1	10	NA	NA	NA
m84047_230825_124911_s4/112529737/ccs	7058	NA	NA	4	NA	NA	2
m84047_230825_124911_s4/107613488/ccs	12474	NA	NA	8	NA	NA	6
m84047_230825_124911_s4/128650726/ccs	3077	NA	KU244274.1,KU244274.1	6	NA	NA	2
m84047_230825_124911_s4/123408675/ccs	5648	NA	NA	2	NA	NA	NA
m84047_230825_124911_s4/103616024/ccs	5087	NA	NA	6	NA	NA	4
m84047_230825_124911_s4/108072562/ccs	3468	NA	NA	NA	NA	6	NA
m84047_230825_124911_s4/119084826/ccs	7303	NA	NA	2	NA	NA	4
m84047_230825_124911_s4/103880039/ccs	4471	NA	NA	NA	NA	4	NA
m84047_230825_124911_s4/103879441/ccs	6527	NA	NA	2	NA	NA	2
m84047_230825_124911_s4/103944388/ccs	2628	NA	KU244274.1,KU244274.1	6	NA	NA	2
m84047_230825_124911_s4/104075303/ccs	2608	NA	NA	NA	2	NA	NA
m84047_230825_124911_s4/113446682/ccs	3379	NA	NA	4	NA	NA	2
m84047_230825_124911_s4/104141618/ccs	1448	NA	NA	NA	NA	2	NA
m84047_230825_124911_s4/119410354/ccs	6643	NA	NA	NA	NA	2	NA
m84047_230825_124911_s4/113447300/ccs	11223	NA	NA	NA	NA	NA	2
m84047_230825_124911_s4/124128894/ccs	5412	NA	NA	8	NA	NA	4
m84047_230825_124911_s4/124194857/ccs	12012	NA	NA	2	NA	6	NA
m84047_230825_124911_s4/104271627/ccs	3974	NA	KU244280.1,KU244280.1	NA	NA	6	NA
m84047_230825_124911_s4/108596373/ccs	2982	NA	NA	2	NA	NA	NA
m84047_230825_124911_s4/104534065/ccs	2975	NA	NA	NA	NA	4	NA
m84047_230825_124911_s4/104665221/ccs	4794	NA	NA	NA	NA	8	NA
m84047_230825_124911_s4/129961454/ccs	5374	NA	NA	10	NA	NA	4
m84047_230825_124911_s4/113971180/ccs	2961	NA	KU244280.1,KU244280.1,KU244275.1,KU244275.1	4	NA	NA	2
m84047_230825_124911_s4/130158808/ccs	13952	NA	NA	10	NA	NA	2
m84047_230825_124911_s4/114168778/ccs	14438	NA	NA	NA	2	4	NA
m84047_230825_124911_s4/114234115/ccs	3831	NA	NA	2	NA	NA	2
m84047_230825_124911_s4/114366264/ccs	3651	NA	NA	4	NA	NA	4
m84047_230825_124911_s4/105255450/ccs	2652	NA	NA	6	NA	NA	2
m84047_230825_124911_s4/105320390/ccs	7976	NA	NA	4	NA	NA	6
m84047_230825_124911_s4/125441292/ccs	1917	NA	NA	4	NA	NA	4
m84047_230825_124911_s4/120590655/ccs	8953	NA	NA	2	NA	NA	2
m84047_230825_124911_s4/105582273/ccs	2748	NA	NA	NA	NA	2	NA
m84047_230825_124911_s4/109582299/ccs	4148	NA	NA	4	NA	NA	2
m84047_230825_124911_s4/109647215/ccs	2517	NA	NA	4	NA	NA	4
m84047_230825_124911_s4/125703105/ccs	4080	NA	NA	4	NA	NA	NA
m84047_230825_124911_s4/130881035/ccs	4381	NA	NA	6	NA	NA	2
m84047_230825_124911_s4/120983933/ccs	3490	KU244273.1,KU244273.1	NA	NA	NA	6	NA
m84047_230825_124911_s4/126162755/ccs	2974	NA	NA	NA	NA	4	NA
m84047_230825_124911_s4/121115160/ccs	4279	NA	NA	4	NA	NA	2
m84047_230825_124911_s4/106043195/ccs	5251	NA	KU244283.1,KU244283.1	NA	NA	6	NA
m84047_230825_124911_s4/106106085/ccs	3164	NA	NA	2	NA	NA	NA
m84047_230825_124911_s4/106237604/ccs	3934	NA	KU244280.1,KU244280.1	NA	NA	6	NA
m84047_230825_124911_s4/67245809/ccs	2070	NA	NA	NA	NA	4	NA
m84047_230825_124911_s4/126489052/ccs	10100	NA	NA	NA	NA	NA	2
m84047_230825_124911_s4/121508654/ccs	2854	NA	NA	4	NA	NA	NA
m84047_230825_124911_s4/121509219/ccs	4758	NA	KU244273.1,KU244273.1	10	NA	NA	4
m84047_230825_124911_s4/115937252/ccs	2738	NA	KU244276.1,KU244276.1	4	NA	NA	NA
m84047_230825_124911_s4/115937971/ccs	8561	NA	NA	4	NA	NA	4
m84047_230825_124911_s4/67768847/ccs	3303	NA	KU244276.1,KU244276.1,KU244274.1,KU244274.1	NA	NA	6	NA
m84047_230825_124911_s4/121900856/ccs	4293	NA	KU244279.1,KU244279.1	NA	NA	6	NA
m84047_230825_124911_s4/122034003/ccs	3973	NA	NA	8	NA	NA	4
m84047_230825_124911_s4/122164946/ccs	3921	NA	NA	2	NA	10	NA
m84047_230825_124911_s4/116592667/ccs	4206	NA	NA	NA	NA	8	NA
m84047_230825_124911_s4/132386634/ccs	10353	NA	NA	6	NA	NA	6
m84047_230825_124911_s4/111218510/ccs	13250	NA	NA	6	NA	NA	4
m84047_230825_124911_s4/132387036/ccs	4104	NA	NA	4	NA	NA	2
m84047_230825_124911_s4/132453230/ccs	11053	NA	NA	2	NA	NA	2
m84047_230825_124911_s4/122360918/ccs	5773	NA	NA	NA	NA	4	NA
m84047_230825_124911_s4/111676743/ccs	2288	NA	NA	2	NA	NA	2
m84047_230825_124911_s4/133041924/ccs	3483	NA	NA	6	NA	NA	8
m84047_230825_124911_s4/72749589/ccs	4324	NA	NA	NA	NA	6	NA
m84047_230825_124911_s4/69079572/ccs	10770	NA	NA	10	NA	NA	6
m84047_230825_124911_s4/133237878/ccs	3272	NA	KU244280.1,KU244280.1	2	NA	NA	4
m84047_230825_124911_s4/117380326/ccs	3458	NA	KU244279.1,KU244279.1,KU244273.1,KU244273.1	2	NA	NA	NA
m84047_230825_124911_s4/83955604/ccs	2368	NA	NA	4	NA	NA	6
m84047_230825_124911_s4/128258259/ccs	3758	NA	NA	6	NA	NA	2
m84047_230825_124911_s4/73143649/ccs	3407	NA	NA	4	NA	NA	4
m84047_230825_124911_s4/78451241/ccs	5541	NA	NA	NA	NA	NA	2
m84047_230825_124911_s4/84349188/ccs	2266	NA	KU244275.1,KU244275.1	NA	NA	6	NA
m84047_230825_124911_s4/133502381/ccs	3830	NA	NA	4	NA	NA	8
m84047_230825_124911_s4/69407811/ccs	1931	NA	NA	4	NA	NA	2
m84047_230825_124911_s4/89657111/ccs	5198	NA	NA	4	NA	NA	2
m84047_230825_124911_s4/133827936/ccs	1905	NA	NA	NA	NA	2	NA
m84047_230825_124911_s4/133828899/ccs	3421	NA	KU244274.1,KU244274.1	NA	NA	4	NA
m84047_230825_124911_s4/79040536/ccs	4256	NA	KU244274.1,KU244274.1	NA	NA	8	NA
m84047_230825_124911_s4/85068897/ccs	1801	NA	KU244275.1,KU244275.1	NA	NA	2	NA
m84047_230825_124911_s4/73862897/ccs	2550	NA	NA	2	NA	NA	NA
m84047_230825_124911_s4/70126765/ccs	2407	KU244273.1,KU244273.1	NA	NA	NA	NA	NA
m84047_230825_124911_s4/90183006/ccs	4073	NA	KU244279.1,KU244279.1	NA	NA	10	NA
m84047_230825_124911_s4/95161852/ccs	3529	NA	NA	NA	NA	2	NA
m84047_230825_124911_s4/79367208/ccs	3094	NA	NA	6	NA	NA	2
m84047_230825_124911_s4/90312542/ccs	3434	NA	KU244273.1,KU244273.1	NA	NA	8	NA
m84047_230825_124911_s4/90313381/ccs	4595	KU244276.1,KU244276.1	NA	6	NA	NA	2
m84047_230825_124911_s4/95294198/ccs	3182	NA	KU244280.1,KU244280.1	2	NA	NA	2
m84047_230825_124911_s4/95425722/ccs	2405	NA	KU244276.1,KU244276.1	NA	NA	NA	NA
m84047_230825_124911_s4/90510602/ccs	1702	NA	NA	2	NA	NA	2
m84047_230825_124911_s4/95557089/ccs	2505	NA	KU244273.1,KU244273.1	NA	NA	6	NA
m84047_230825_124911_s4/95621674/ccs	4553	NA	NA	10	NA	NA	6
m84047_230825_124911_s4/74452813/ccs	2018	NA	NA	4	NA	NA	4
m84047_230825_124911_s4/70784495/ccs	9265	NA	NA	NA	NA	NA	2
m84047_230825_124911_s4/70979971/ccs	6671	NA	NA	4	NA	NA	2
m84047_230825_124911_s4/74714468/ccs	13768	NA	NA	2	NA	NA	2
m84047_230825_124911_s4/85987156/ccs	2269	NA	NA	NA	NA	4	NA
m84047_230825_124911_s4/91099257/ccs	3097	NA	NA	2	NA	NA	4
m84047_230825_124911_s4/74977467/ccs	3497	NA	NA	8	NA	NA	4
m84047_230825_124911_s4/86249011/ccs	6811	NA	NA	2	NA	NA	NA
m84047_230825_124911_s4/74978088/ccs	4727	KU244273.1,KU244273.1	NA	8	NA	NA	8
m84047_230825_124911_s4/80482158/ccs	5163	NA	NA	NA	NA	2	NA
m84047_230825_124911_s4/86642682/ccs	9245	NA	NA	NA	NA	6	NA
m84047_230825_124911_s4/86708904/ccs	3652	NA	NA	6	NA	NA	4
m84047_230825_124911_s4/96931639/ccs	9456	NA	NA	6	NA	NA	4
m84047_230825_124911_s4/96997179/ccs	2749	NA	NA	2	NA	NA	NA
m84047_230825_124911_s4/75569142/ccs	3672	NA	NA	4	NA	NA	4
m84047_230825_124911_s4/75633057/ccs	2620	NA	NA	4	NA	NA	NA
m84047_230825_124911_s4/71963710/ccs	3026	NA	NA	NA	NA	6	NA
m84047_230825_124911_s4/97129715/ccs	9803	NA	NA	2	NA	NA	2
m84047_230825_124911_s4/80941794/ccs	3066	NA	NA	4	NA	NA	2
m84047_230825_124911_s4/72094982/ccs	2417	NA	NA	4	NA	NA	2
m84047_230825_124911_s4/92474660/ccs	2793	NA	NA	NA	2	NA	NA
m84047_230825_124911_s4/72617769/ccs	3266	NA	KU244274.1,KU244274.1	2	NA	NA	2
m84047_230825_124911_s4/92803604/ccs	3741	NA	NA	10	NA	NA	4
m84047_230825_124911_s4/81792447/ccs	9075	NA	NA	4	NA	NA	NA
m84047_230825_124911_s4/81793011/ccs	7273	NA	NA	6	NA	NA	6
m84047_230825_124911_s4/87887555/ccs	12504	NA	NA	6	NA	NA	2
m84047_230825_124911_s4/33755399/ccs	3017	NA	KU244275.1,KU244275.1	NA	NA	2	NA
m84047_230825_124911_s4/76681022/ccs	5015	NA	NA	NA	2	NA	2
m84047_230825_124911_s4/33887869/ccs	4629	NA	NA	2	NA	NA	2
m84047_230825_124911_s4/82055405/ccs	17286	NA	KU244280.1,KU244280.1	NA	NA	NA	NA
m84047_230825_124911_s4/88216459/ccs	7265	NA	NA	NA	NA	4	NA
m84047_230825_124911_s4/93394181/ccs	3900	NA	NA	2	NA	NA	2
m84047_230825_124911_s4/88280763/ccs	4355	NA	NA	12	NA	NA	6
m84047_230825_124911_s4/98571024/ccs	4456	NA	NA	4	NA	NA	6
m84047_230825_124911_s4/98636333/ccs	2588	NA	NA	2	NA	NA	2
m84047_230825_124911_s4/98701016/ccs	6055	NA	NA	NA	NA	8	NA
m84047_230825_124911_s4/77140312/ccs	2270	NA	NA	NA	NA	2	NA
m84047_230825_124911_s4/93720437/ccs	3512	NA	NA	2	NA	NA	2
m84047_230825_124911_s4/99029054/ccs	3550	NA	KU244274.1,KU244274.1	NA	NA	4	NA
m84047_230825_124911_s4/99030039/ccs	5419	NA	NA	6	NA	NA	NA
m84047_230825_124911_s4/99161535/ccs	3642	NA	NA	4	NA	NA	2
m84047_230825_124911_s4/93982656/ccs	2902	KU244273.1,KU244273.1	NA	4	NA	NA	4
m84047_230825_124911_s4/34869429/ccs	3177	NA	NA	NA	2	NA	NA
m84047_230825_124911_s4/94180711/ccs	12528	NA	NA	NA	NA	4	NA
m84047_230825_124911_s4/77795495/ccs	4523	NA	NA	8	NA	NA	6
m84047_230825_124911_s4/83168761/ccs	3383	NA	NA	NA	2	NA	4
m84047_230825_124911_s4/35327824/ccs	2854	NA	NA	2	NA	NA	2
m84047_230825_124911_s4/78124058/ccs	2283	NA	NA	NA	NA	NA	NA
m84047_230825_124911_s4/35655793/ccs	3599	NA	NA	6	NA	NA	4
m84047_230825_124911_s4/35982766/ccs	3554	NA	NA	2	NA	NA	4
m84047_230825_124911_s4/100470200/ccs	3656	NA	NA	NA	NA	4	NA
m84047_230825_124911_s4/55971327/ccs	10109	NA	NA	6	NA	NA	4
m84047_230825_124911_s4/51055880/ccs	3963	NA	NA	8	NA	NA	4
m84047_230825_124911_s4/51121483/ccs	3670	NA	KU244280.1,KU244280.1	4	NA	NA	2
m84047_230825_124911_s4/39785627/ccs	6152	NA	NA	4	NA	NA	2
m84047_230825_124911_s4/45027733/ccs	4283	NA	NA	6	NA	NA	2
m84047_230825_124911_s4/39849366/ccs	12666	NA	NA	NA	NA	4	NA
m84047_230825_124911_s4/61607393/ccs	3348	NA	KU244283.1,KU244283.1	NA	NA	6	NA
m84047_230825_124911_s4/56495899/ccs	4148	NA	NA	6	NA	NA	4
m84047_230825_124911_s4/45487842/ccs	12347	KU244273.1,KU244273.1	NA	6	NA	NA	6
m84047_230825_124911_s4/62131264/ccs	16646	NA	KU244280.1,KU244280.1	10	NA	NA	6
m84047_230825_124911_s4/56562879/ccs	3465	NA	NA	NA	NA	4	NA
m84047_230825_124911_s4/36834494/ccs	3944	NA	KU244279.1,KU244279.1	NA	NA	10	NA
m84047_230825_124911_s4/56692792/ccs	10372	KU244283.1,KU244283.1	NA	NA	NA	NA	NA
m84047_230825_124911_s4/56758939/ccs	1574	NA	NA	4	NA	NA	2
m84047_230825_124911_s4/36901398/ccs	9512	NA	NA	6	NA	NA	6
m84047_230825_124911_s4/62393548/ccs	8488	NA	KU244274.1,KU244274.1	4	NA	NA	NA
m84047_230825_124911_s4/40570938/ccs	7901	NA	NA	NA	NA	8	NA
m84047_230825_124911_s4/40636116/ccs	2478	NA	KU244275.1,KU244275.1	NA	NA	NA	NA
m84047_230825_124911_s4/52040576/ccs	3601	NA	KU244276.1,KU244276.1	NA	NA	8	NA
m84047_230825_124911_s4/62590962/ccs	5466	NA	NA	NA	NA	NA	NA
m84047_230825_124911_s4/40834074/ccs	2802	NA	NA	4	NA	NA	4
m84047_230825_124911_s4/37295363/ccs	10984	NA	NA	NA	NA	6	NA
m84047_230825_124911_s4/62723668/ccs	4496	NA	NA	8	NA	NA	2
m84047_230825_124911_s4/37426359/ccs	3819	NA	NA	6	NA	NA	6
m84047_230825_124911_s4/57742540/ccs	3646	NA	NA	6	NA	NA	4
m84047_230825_124911_s4/57871938/ccs	4654	NA	NA	6	NA	NA	4
m84047_230825_124911_s4/41356917/ccs	5719	NA	NA	8	NA	NA	4
m84047_230825_124911_s4/63312643/ccs	1571	NA	NA	2	NA	NA	2
m84047_230825_124911_s4/46863257/ccs	9557	NA	NA	2	NA	NA	2
m84047_230825_124911_s4/63508308/ccs	2904	NA	KU244280.1,KU244280.1	NA	NA	2	NA
m84047_230825_124911_s4/53023787/ccs	14043	NA	NA	6	NA	NA	4
m84047_230825_124911_s4/42142903/ccs	2392	NA	NA	2	NA	NA	NA
m84047_230825_124911_s4/63836317/ccs	4101	NA	NA	NA	NA	8	NA
m84047_230825_124911_s4/59247649/ccs	9276	NA	NA	4	NA	NA	2
m84047_230825_124911_s4/59248994/ccs	3632	NA	NA	NA	NA	4	NA
m84047_230825_124911_s4/53482076/ccs	4518	NA	NA	4	NA	NA	4
m84047_230825_124911_s4/38736097/ccs	3073	NA	NA	NA	2	NA	NA
m84047_230825_124911_s4/53679584/ccs	4651	NA	KU244274.1,KU244274.1	10	NA	NA	8
m84047_230825_124911_s4/47779836/ccs	3213	NA	NA	4	NA	NA	2
m84047_230825_124911_s4/38800892/ccs	11080	NA	NA	4	NA	NA	2
m84047_230825_124911_s4/38803267/ccs	4805	NA	KU244276.1,KU244276.1	NA	NA	4	NA
m84047_230825_124911_s4/59707006/ccs	962	NA	KU244279.1,KU244279.1	NA	NA	NA	NA
m84047_230825_124911_s4/54005492/ccs	7524	NA	NA	6	NA	NA	6
m84047_230825_124911_s4/39065317/ccs	13194	NA	NA	NA	NA	2	NA
m84047_230825_124911_s4/54137102/ccs	2516	NA	NA	NA	NA	NA	NA
m84047_230825_124911_s4/54333899/ccs	7465	NA	NA	NA	NA	NA	2
m84047_230825_124911_s4/48303411/ccs	2434	NA	NA	NA	NA	2	NA
m84047_230825_124911_s4/60100373/ccs	3567	KU244273.1,KU244273.1	NA	2	NA	NA	NA
m84047_230825_124911_s4/60100989/ccs	2323	NA	NA	6	NA	NA	4
m84047_230825_124911_s4/64820266/ccs	3700	NA	KU244274.1,KU244274.1	4	NA	NA	4
m84047_230825_124911_s4/60493581/ccs	3107	NA	NA	2	NA	NA	NA
m84047_230825_124911_s4/43781712/ccs	2432	NA	NA	NA	NA	NA	NA
m84047_230825_124911_s4/235995833/ccs	12474	NA	NA	NA	NA	4	NA
m84047_230825_124911_s4/43980444/ccs	2522	NA	NA	4	NA	NA	4
m84047_230825_124911_s4/48961037/ccs	5424	NA	NA	2	NA	NA	2
m84047_230825_124911_s4/60755507/ccs	2946	KU244273.1,KU244273.1	NA	2	NA	NA	NA
m84047_230825_124911_s4/55121380/ccs	2288	NA	NA	2	NA	NA	NA
m84047_230825_124911_s4/65473798/ccs	4431	NA	NA	8	NA	NA	2
m84047_230825_124911_s4/49090441/ccs	8911	NA	NA	4	NA	NA	6
m84047_230825_124911_s4/236194659/ccs	5080	NA	NA	NA	NA	6	NA
m84047_230825_124911_s4/55317288/ccs	4542	NA	NA	NA	NA	10	NA
m84047_230825_124911_s4/60953542/ccs	3506	NA	NA	2	NA	NA	NA
m84047_230825_124911_s4/55578688/ccs	4894	NA	KU244280.1,KU244280.1	8	NA	NA	8
m84047_230825_124911_s4/55579682/ccs	2712	NA	NA	4	NA	NA	NA
m84047_230825_124911_s4/61279328/ccs	5155	NA	NA	6	NA	NA	4
m84047_230825_124911_s4/66786518/ccs	4584	NA	KU244280.1,KU244280.1	8	NA	NA	2
m84047_230825_124911_s4/246153456/ccs	3321	NA	NA	8	NA	NA	6
m84047_230825_124911_s4/241306453/ccs	16010	NA	NA	4	NA	NA	NA
m84047_230825_124911_s4/246286854/ccs	3578	NA	KU244275.1,KU244275.1	NA	NA	4	NA
m84047_230825_124911_s4/262867790/ccs	1793	NA	NA	NA	NA	NA	NA
m84047_230825_124911_s4/238158371/ccs	4468	NA	NA	8	NA	NA	8
m84047_230825_124911_s4/263456944/ccs	8911	NA	NA	6	NA	NA	4
m84047_230825_124911_s4/264176590/ccs	6284	NA	KU244275.1,KU244275.1	2	NA	NA	2
m84047_230825_124911_s4/253823495/ccs	3675	NA	NA	4	NA	NA	NA
m84047_230825_124911_s4/253954352/ccs	13261	NA	NA	NA	NA	2	NA
m84047_230825_124911_s4/239076102/ccs	4802	NA	NA	8	NA	NA	4
m84047_230825_124911_s4/254085184/ccs	4226	KU244273.1,KU244273.1	NA	NA	NA	8	NA
m84047_230825_124911_s4/264898343/ccs	8105	NA	NA	4	NA	NA	2
m84047_230825_124911_s4/248774713/ccs	3924	NA	NA	4	NA	NA	2
m84047_230825_124911_s4/244318216/ccs	6105	NA	NA	10	NA	NA	6
m84047_230825_124911_s4/255656131/ccs	4312	NA	NA	8	NA	NA	4
m84047_230825_124911_s4/255721486/ccs	4848	NA	NA	10	NA	NA	8
m84047_230825_124911_s4/244973598/ccs	4347	NA	KU244280.1,KU244280.1,KU244280.1,KU244280.1	NA	NA	8	NA
m84047_230825_124911_s4/528354/ccs	4851	KU244273.1,KU244273.1	NA	8	NA	NA	6
m84047_230825_124911_s4/594683/ccs	3098	NA	NA	NA	NA	NA	NA
m84047_230825_124911_s4/250153307/ccs	4208	NA	NA	2	NA	6	NA
m84047_230825_124911_s4/725887/ccs	4020	NA	NA	4	NA	NA	NA
m84047_230825_124911_s4/256509357/ccs	3882	NA	NA	2	NA	NA	NA
m84047_230825_124911_s4/1510970/ccs	3781	NA	NA	NA	NA	8	NA
m84047_230825_124911_s4/267191446/ccs	13495	NA	NA	2	NA	NA	2
m84047_230825_124911_s4/22353575/ccs	3497	NA	NA	6	NA	NA	2
m84047_230825_124911_s4/267256078/ccs	3118	NA	NA	2	NA	NA	NA
m84047_230825_124911_s4/251133989/ccs	4439	NA	NA	NA	NA	4	NA
m84047_230825_124911_s4/267322241/ccs	7657	NA	NA	NA	NA	4	NA
m84047_230825_124911_s4/22875659/ccs	4702	NA	NA	6	NA	NA	6
m84047_230825_124911_s4/267649418/ccs	7294	NA	NA	2	NA	NA	2
m84047_230825_124911_s4/23073692/ccs	3812	NA	KU244276.1,KU244276.1	NA	NA	10	NA
m84047_230825_124911_s4/6166456/ccs	2246	NA	NA	2	NA	NA	6
m84047_230825_124911_s4/17435946/ccs	4358	NA	NA	2	NA	NA	NA
m84047_230825_124911_s4/17829954/ccs	4447	NA	NA	6	NA	NA	4
m84047_230825_124911_s4/27924149/ccs	12053	NA	NA	NA	2	NA	NA
m84047_230825_124911_s4/23795531/ccs	3145	NA	NA	NA	NA	4	NA
m84047_230825_124911_s4/17960424/ccs	4836	NA	NA	8	NA	NA	4
m84047_230825_124911_s4/28184180/ccs	7473	NA	NA	NA	NA	NA	6
m84047_230825_124911_s4/18027635/ccs	2716	NA	NA	4	NA	NA	2
m84047_230825_124911_s4/7015660/ccs	4422	NA	NA	4	NA	NA	4
m84047_230825_124911_s4/12259451/ccs	3437	KU244273.1,KU244273.1	NA	4	NA	NA	NA
m84047_230825_124911_s4/18157029/ccs	3997	KU244283.1,KU244283.1	NA	4	NA	NA	4
m84047_230825_124911_s4/7212157/ccs	4591	NA	NA	4	NA	NA	4
m84047_230825_124911_s4/7343484/ccs	7148	NA	NA	NA	NA	6	NA
m84047_230825_124911_s4/24450638/ccs	3623	NA	NA	2	NA	NA	2
m84047_230825_124911_s4/28839454/ccs	12440	NA	KU244276.1,KU244276.1,KU244274.1,KU244274.1	NA	NA	2	NA
m84047_230825_124911_s4/28906152/ccs	3178	NA	NA	NA	NA	6	NA
m84047_230825_124911_s4/29232840/ccs	3840	NA	NA	8	NA	NA	6
m84047_230825_124911_s4/25367384/ccs	6407	NA	NA	2	NA	NA	2
m84047_230825_124911_s4/19206870/ccs	4676	NA	NA	4	NA	NA	2
m84047_230825_124911_s4/29495319/ccs	3792	NA	KU244273.1,KU244273.1	6	NA	NA	4
m84047_230825_124911_s4/25564539/ccs	3167	NA	KU244274.1,KU244274.1	NA	NA	4	NA
m84047_230825_124911_s4/8197160/ccs	4794	NA	NA	8	NA	NA	6
m84047_230825_124911_s4/4461660/ccs	9674	KU244273.1,KU244273.1	NA	4	NA	NA	2
m84047_230825_124911_s4/13636834/ccs	4885	KU244283.1,KU244283.1	NA	8	NA	NA	4
m84047_230825_124911_s4/13833684/ccs	805	NA	NA	NA	2	NA	NA
m84047_230825_124911_s4/13897169/ccs	3533	NA	NA	2	NA	NA	2
m84047_230825_124911_s4/25892842/ccs	3850	NA	KU244275.1,KU244275.1,KU244275.1,KU244275.1	4	NA	NA	4
m84047_230825_124911_s4/20254085/ccs	12427	NA	NA	6	NA	NA	6
m84047_230825_124911_s4/30152035/ccs	12945	NA	NA	NA	NA	4	NA
m84047_230825_124911_s4/14160839/ccs	1939	NA	NA	4	NA	NA	NA
m84047_230825_124911_s4/26283972/ccs	2470	NA	KU244275.1,KU244275.1	NA	NA	NA	2
m84047_230825_124911_s4/14356840/ccs	3850	NA	NA	6	NA	NA	2
m84047_230825_124911_s4/9047803/ccs	3415	NA	NA	4	NA	NA	4
m84047_230825_124911_s4/14488229/ccs	4241	KU244273.1,KU244273.1	NA	NA	NA	8	NA
m84047_230825_124911_s4/5573938/ccs	3806	NA	NA	6	NA	NA	NA
m84047_230825_124911_s4/26546951/ccs	3066	NA	KU244275.1,KU244275.1	NA	NA	4	NA
m84047_230825_124911_s4/30938204/ccs	3405	NA	NA	2	NA	NA	NA
m84047_230825_124911_s4/26612154/ccs	4926	NA	NA	2	NA	NA	2
m84047_230825_124911_s4/26677843/ccs	3842	KU244273.1,KU244273.1	NA	2	NA	2	NA
m84047_230825_124911_s4/9704245/ccs	8495	NA	KU244276.1,KU244276.1	8	NA	NA	2
m84047_230825_124911_s4/15079376/ccs	3089	NA	NA	4	NA	NA	4
m84047_230825_124911_s4/15078637/ccs	1728	NA	NA	NA	NA	2	NA
m84047_230825_124911_s4/31526594/ccs	2818	NA	KU244275.1,KU244275.1	NA	NA	4	NA
m84047_230825_124911_s4/202309840/ccs	6910	NA	NA	NA	NA	10	NA
m84047_230825_124911_s4/21696144/ccs	10214	NA	NA	4	NA	NA	NA
m84047_230825_124911_s4/15471783/ccs	3968	NA	NA	4	NA	NA	4
m84047_230825_124911_s4/31855773/ccs	3633	NA	KU244276.1,KU244276.1	NA	NA	8	NA
m84047_230825_124911_s4/15537041/ccs	4568	NA	NA	4	NA	NA	6
m84047_230825_124911_s4/15536789/ccs	14558	KU244273.1,KU244273.1	NA	6	NA	NA	4
m84047_230825_124911_s4/27791223/ccs	6158	NA	NA	NA	NA	NA	NA
m84047_230825_124911_s4/27793231/ccs	3484	NA	KU244280.1,KU244280.1	NA	NA	8	NA
m84047_230825_124911_s4/32378989/ccs	4118	NA	NA	NA	NA	4	NA
m84047_230825_124911_s4/32378279/ccs	4114	NA	NA	6	NA	NA	NA
m84047_230825_124911_s4/32443596/ccs	3646	NA	KU244280.1,KU244280.1	NA	NA	4	NA
m84047_230825_124911_s4/223872679/ccs	2733	NA	NA	6	NA	NA	2
m84047_230825_124911_s4/32509713/ccs	4145	NA	NA	8	NA	NA	6
m84047_230825_124911_s4/33230305/ccs	4531	NA	NA	4	NA	NA	2
m84047_230825_124911_s4/224528906/ccs	12732	NA	NA	NA	2	NA	NA
m84047_230825_124911_s4/203950885/ccs	9601	NA	NA	2	NA	NA	2
m84047_230825_124911_s4/212600377/ccs	7718	NA	NA	4	NA	NA	NA
m84047_230825_124911_s4/218892350/ccs	11834	NA	NA	NA	2	NA	NA
m84047_230825_124911_s4/204341672/ccs	10185	NA	NA	6	NA	NA	6
m84047_230825_124911_s4/204606169/ccs	2208	NA	NA	NA	NA	2	NA
m84047_230825_124911_s4/213517956/ccs	7308	NA	NA	4	NA	NA	2
m84047_230825_124911_s4/204801603/ccs	8440	NA	KU244276.1,KU244276.1	4	NA	NA	2
m84047_230825_124911_s4/204931166/ccs	6711	NA	NA	6	NA	NA	4
m84047_230825_124911_s4/205064780/ccs	4315	NA	KU244274.1,KU244274.1	10	NA	NA	6
m84047_230825_124911_s4/205261746/ccs	3911	NA	NA	4	NA	NA	4
m84047_230825_124911_s4/208734792/ccs	5626	NA	NA	NA	NA	6	NA
m84047_230825_124911_s4/226230635/ccs	4489	NA	NA	12	NA	NA	4
m84047_230825_124911_s4/209062199/ccs	2390	NA	NA	4	NA	NA	2
m84047_230825_124911_s4/205981363/ccs	3776	NA	NA	10	NA	NA	6
m84047_230825_124911_s4/221118910/ccs	7062	NA	NA	4	NA	NA	6
m84047_230825_124911_s4/231738273/ccs	4534	KU244273.1,KU244273.1	NA	4	NA	NA	4
m84047_230825_124911_s4/215222120/ccs	3203	NA	NA	2	NA	NA	2
m84047_230825_124911_s4/209978678/ccs	10334	NA	NA	NA	NA	8	NA
m84047_230825_124911_s4/210044022/ccs	4785	NA	NA	6	NA	NA	NA
m84047_230825_124911_s4/232131044/ccs	4389	NA	KU244280.1,KU244280.1	NA	NA	NA	2
m84047_230825_124911_s4/232194648/ccs	3719	NA	NA	NA	NA	8	NA
m84047_230825_124911_s4/221710107/ccs	9801	NA	NA	2	NA	NA	2
m84047_230825_124911_s4/232325454/ccs	5400	NA	KU244274.1,KU244274.1	4	NA	NA	2
m84047_230825_124911_s4/33620066/ccs	6342	NA	NA	NA	NA	2	NA
m84047_230825_124911_s4/210632707/ccs	4315	NA	NA	NA	NA	10	NA
m84047_230825_124911_s4/222102967/ccs	3432	NA	NA	NA	NA	2	NA
m84047_230825_124911_s4/222233555/ccs	3609	NA	NA	4	NA	NA	2
m84047_230825_124911_s4/34144764/ccs	12535	NA	NA	4	NA	NA	2
m84047_230825_124911_s4/228199411/ccs	2841	NA	NA	NA	2	NA	NA
m84047_230825_124911_s4/216466800/ccs	4841	NA	NA	NA	NA	4	NA
m84047_230825_124911_s4/34670644/ccs	4308	NA	NA	6	NA	NA	4
m84047_230825_124911_s4/34734579/ccs	3295	NA	NA	2	NA	NA	2
m84047_230825_124911_s4/211421235/ccs	3296	NA	NA	4	NA	NA	2
m84047_230825_124911_s4/222954281/ccs	11768	NA	NA	2	NA	NA	2
m84047_230825_124911_s4/223019369/ccs	3647	NA	KU244275.1,KU244275.1	4	NA	NA	4
m84047_230825_124911_s4/228722177/ccs	4320	NA	NA	4	NA	NA	NA
m84047_230825_124911_s4/233769298/ccs	4892	NA	NA	4	NA	NA	2
m84047_230825_124911_s4/217317813/ccs	3462	NA	NA	NA	NA	6	NA
m84047_230825_124911_s4/223543382/ccs	6895	NA	NA	NA	2	6	NA
m84047_230825_124911_s4/234226725/ccs	8392	NA	NA	2	NA	NA	4
m84047_230825_124911_s4/50595902/ccs	12538	NA	NA	6	NA	NA	NA
m84047_230825_124911_s4/39192950/ccs	4759	NA	NA	8	NA	NA	4
m84047_230825_124911_s4/234686097/ccs	7092	NA	NA	4	NA	NA	4
m84047_230825_124911_s4/56557579/ccs	15596	NA	NA	NA	NA	2	NA
m84047_230825_124911_s4/61603980/ccs	8584	NA	NA	NA	NA	2	NA
m84047_230825_124911_s4/45091331/ccs	5886	KU244273.1,KU244273.1	NA	4	NA	NA	4
m84047_230825_124911_s4/40108105/ccs	7411	NA	NA	NA	NA	NA	2
m84047_230825_124911_s4/36634641/ccs	4114	KU244275.1,KU244275.1	NA	2	NA	NA	NA
m84047_230825_124911_s4/37096299/ccs	4379	NA	NA	4	NA	NA	2
m84047_230825_124911_s4/37357183/ccs	2304	NA	NA	2	NA	NA	NA
m84047_230825_124911_s4/41288582/ccs	9681	KU244280.1,KU244280.1	NA	4	NA	NA	NA
m84047_230825_124911_s4/37750692/ccs	6858	NA	NA	4	NA	NA	4
m84047_230825_124911_s4/37945806/ccs	5949	NA	KU244274.1,KU244274.1	NA	2	6	NA
m84047_230825_124911_s4/63438898/ccs	4981	NA	NA	8	NA	NA	4
m84047_230825_124911_s4/53021347/ccs	2889	NA	NA	4	NA	NA	4
m84047_230825_124911_s4/63701244/ccs	2505	NA	NA	4	NA	NA	NA
m84047_230825_124911_s4/63964759/ccs	11590	NA	NA	6	NA	NA	6
m84047_230825_124911_s4/47188758/ccs	11234	NA	NA	6	NA	NA	4
m84047_230825_124911_s4/59049428/ccs	4185	NA	NA	6	NA	NA	4
m84047_230825_124911_s4/47513611/ccs	6766	NA	NA	NA	NA	NA	2
m84047_230825_124911_s4/53674339/ccs	4336	NA	NA	NA	NA	4	NA
m84047_230825_124911_s4/59312378/ccs	4392	NA	KU244283.1,KU244283.1	NA	NA	10	NA
m84047_230825_124911_s4/53740559/ccs	4495	KU244273.1,KU244273.1	NA	4	NA	NA	6
m84047_230825_124911_s4/53936388/ccs	5366	NA	NA	NA	NA	8	NA
m84047_230825_124911_s4/64489836/ccs	2992	NA	NA	NA	NA	2	NA
m84047_230825_124911_s4/39061290/ccs	2956	NA	NA	6	NA	NA	2
m84047_230825_124911_s4/54135513/ccs	4692	NA	NA	NA	NA	10	NA
m84047_230825_124911_s4/64882518/ccs	4210	NA	NA	10	NA	NA	4
m84047_230825_124911_s4/591025/ccs	4291	NA	NA	4	NA	NA	6
m84047_230825_124911_s4/65143295/ccs	19044	NA	NA	NA	NA	8	NA
m84047_230825_124911_s4/786700/ccs	4801	NA	NA	NA	2	4	NA
m84047_230825_124911_s4/54853851/ccs	4010	NA	KU244276.1,KU244276.1	4	NA	NA	2
m84047_230825_124911_s4/48496953/ccs	5133	NA	NA	8	NA	NA	2
m84047_230825_124911_s4/983779/ccs	4497	NA	NA	2	NA	NA	4
m84047_230825_124911_s4/1245781/ccs	5890	NA	NA	6	NA	NA	8
m84047_230825_124911_s4/55117288/ccs	14425	NA	NA	6	NA	NA	6
m84047_230825_124911_s4/43846468/ccs	2348	NA	KU244280.1,KU244280.1	NA	NA	NA	NA
m84047_230825_124911_s4/48955477/ccs	6213	NA	NA	8	NA	NA	4
m84047_230825_124911_s4/60949833/ccs	3996	NA	NA	8	NA	NA	2
m84047_230825_124911_s4/61014829/ccs	8097	NA	KU244275.1,KU244275.1	NA	NA	NA	NA
m84047_230825_124911_s4/55248434/ccs	2415	NA	NA	2	NA	NA	NA
m84047_230825_124911_s4/43977007/ccs	10165	NA	NA	NA	NA	4	NA
m84047_230825_124911_s4/44107419/ccs	4157	NA	NA	6	NA	NA	6
m84047_230825_124911_s4/49154244/ccs	12892	NA	NA	NA	2	NA	2
m84047_230825_124911_s4/49217712/ccs	8437	NA	NA	6	NA	NA	6
m84047_230825_124911_s4/44367936/ccs	3584	NA	NA	8	NA	NA	2
m84047_230825_124911_s4/44368417/ccs	5184	NA	KU244280.1,KU244280.1	NA	NA	4	NA
m84047_230825_124911_s4/49479752/ccs	7229	NA	NA	6	NA	NA	6
m84047_230825_124911_s4/49613350/ccs	4783	NA	NA	4	NA	NA	NA
m84047_230825_124911_s4/22349164/ccs	4039	NA	NA	8	NA	NA	2
m84047_230825_124911_s4/50005278/ccs	14717	NA	NA	NA	NA	10	NA
m84047_230825_124911_s4/22939564/ccs	4101	NA	KU244274.1,KU244274.1	6	NA	NA	4
m84047_230825_124911_s4/2492892/ccs	4702	NA	NA	8	NA	NA	6
m84047_230825_124911_s4/66915178/ccs	4998	NA	NA	6	NA	NA	2
m84047_230825_124911_s4/17498760/ccs	4324	NA	NA	NA	NA	12	NA
m84047_230825_124911_s4/6358043/ccs	3557	NA	NA	4	NA	NA	2
m84047_230825_124911_s4/28052391/ccs	5940	NA	NA	NA	NA	6	NA
m84047_230825_124911_s4/28115235/ccs	4560	NA	KU244275.1,KU244275.1	10	NA	NA	4
m84047_230825_124911_s4/6359793/ccs	12227	NA	NA	NA	NA	8	NA
m84047_230825_124911_s4/11536285/ccs	4172	NA	NA	NA	NA	8	NA
m84047_230825_124911_s4/11536282/ccs	4636	NA	NA	4	NA	NA	4
m84047_230825_124911_s4/28246346/ccs	2699	NA	NA	4	NA	NA	NA
m84047_230825_124911_s4/28246550/ccs	6019	NA	NA	4	NA	NA	4
m84047_230825_124911_s4/11733984/ccs	3562	KU244273.1,KU244273.1	NA	NA	NA	2	NA
m84047_230825_124911_s4/28443376/ccs	4807	NA	NA	NA	NA	NA	NA
m84047_230825_124911_s4/11995646/ccs	16183	NA	NA	6	NA	NA	2
m84047_230825_124911_s4/24053173/ccs	4139	NA	NA	2	NA	8	NA
m84047_230825_124911_s4/3932338/ccs	4253	NA	NA	NA	NA	6	NA
m84047_230825_124911_s4/7209567/ccs	2544	NA	KU244280.1,KU244280.1	NA	NA	NA	NA
m84047_230825_124911_s4/29034334/ccs	4199	NA	NA	4	NA	NA	2
m84047_230825_124911_s4/18481627/ccs	1199	NA	NA	NA	NA	NA	2
m84047_230825_124911_s4/18547200/ccs	9151	NA	NA	NA	NA	NA	NA
m84047_230825_124911_s4/4196970/ccs	4742	NA	NA	10	NA	NA	4
m84047_230825_124911_s4/4259996/ccs	3479	NA	KU244275.1,KU244275.1	4	NA	NA	2
m84047_230825_124911_s4/12781352/ccs	3903	NA	NA	NA	NA	12	NA
m84047_230825_124911_s4/24969861/ccs	4198	NA	NA	NA	NA	6	NA
m84047_230825_124911_s4/7998002/ccs	7099	NA	NA	2	NA	NA	NA
m84047_230825_124911_s4/4785379/ccs	2340	NA	NA	NA	NA	NA	4
m84047_230825_124911_s4/4981647/ccs	12972	NA	NA	4	NA	NA	6
m84047_230825_124911_s4/13435081/ccs	6763	NA	NA	2	NA	NA	2
m84047_230825_124911_s4/19595970/ccs	6639	NA	NA	8	NA	NA	2
m84047_230825_124911_s4/13502458/ccs	6056	NA	NA	2	NA	2	NA
m84047_230825_124911_s4/25364799/ccs	2322	NA	NA	2	NA	NA	4
m84047_230825_124911_s4/13567195/ccs	3975	NA	NA	12	NA	NA	8
m84047_230825_124911_s4/13568024/ccs	3209	NA	NA	NA	NA	2	NA
m84047_230825_124911_s4/19726980/ccs	4313	NA	NA	NA	NA	2	NA
m84047_230825_124911_s4/5375243/ccs	6431	NA	NA	4	NA	NA	2
m84047_230825_124911_s4/30738665/ccs	3415	NA	NA	NA	NA	2	NA
m84047_230825_124911_s4/19857945/ccs	3651	NA	NA	NA	NA	6	NA
m84047_230825_124911_s4/67305595/ccs	2408	NA	NA	NA	NA	2	NA
m84047_230825_124911_s4/14288956/ccs	7378	NA	NA	4	NA	NA	2
m84047_230825_124911_s4/26740375/ccs	6127	NA	NA	4	NA	NA	2
m84047_230825_124911_s4/26936392/ccs	5009	NA	NA	4	NA	NA	4
m84047_230825_124911_s4/20777465/ccs	7877	NA	NA	NA	NA	NA	NA
m84047_230825_124911_s4/9765261/ccs	3989	KU244273.1,KU244273.1	NA	2	NA	NA	2
m84047_230825_124911_s4/27132509/ccs	7965	NA	NA	2	NA	NA	4
m84047_230825_124911_s4/32048824/ccs	4750	NA	NA	8	NA	NA	8
m84047_230825_124911_s4/21430906/ccs	4567	NA	NA	6	NA	NA	4
m84047_230825_124911_s4/27592533/ccs	3954	NA	NA	6	NA	NA	4
m84047_230825_124911_s4/69074980/ccs	2471	NA	NA	4	NA	NA	2
m84047_230825_124911_s4/69077556/ccs	3449	NA	NA	4	NA	NA	2
m84047_230825_124911_s4/15533486/ccs	4502	NA	NA	6	NA	NA	2
m84047_230825_124911_s4/10617397/ccs	5155	NA	NA	10	NA	NA	6
m84047_230825_124911_s4/32769203/ccs	4620	KU244273.1,KU244273.1	NA	12	NA	NA	2
m84047_230825_124911_s4/22348469/ccs	3748	NA	KU244273.1,KU244273.1	NA	NA	NA	6
m84047_230825_124911_s4/15928123/ccs	6414	NA	NA	NA	NA	2	NA
m84047_230825_124911_s4/72746230/ccs	17697	NA	NA	6	NA	NA	2
m84047_230825_124911_s4/33292739/ccs	5599	NA	NA	NA	2	4	NA
m84047_230825_124911_s4/33295159/ccs	9005	NA	NA	4	NA	NA	NA
m84047_230825_124911_s4/84674388/ccs	3343	NA	NA	2	NA	NA	2
m84047_230825_124911_s4/90835172/ccs	11606	NA	NA	6	NA	NA	6
m84047_230825_124911_s4/85067445/ccs	7060	NA	NA	NA	NA	2	NA
m84047_230825_124911_s4/73664648/ccs	3237	NA	NA	2	NA	NA	2
m84047_230825_124911_s4/85328834/ccs	3698	NA	NA	4	NA	NA	4
m84047_230825_124911_s4/71041339/ccs	3992	NA	KU244273.1,KU244273.1	8	NA	NA	NA
m84047_230825_124911_s4/73730635/ccs	1895	NA	NA	4	NA	NA	4
m84047_230825_124911_s4/78907609/ccs	558	NA	NA	NA	NA	NA	NA
m84047_230825_124911_s4/71238151/ccs	3537	NA	NA	4	NA	NA	4
m84047_230825_124911_s4/96078751/ccs	2586	NA	NA	4	NA	NA	2
m84047_230825_124911_s4/85920745/ccs	2467	NA	KU244280.1,KU244280.1,KU244275.1,KU244275.1	NA	NA	2	NA
m84047_230825_124911_s4/79691893/ccs	2393	NA	NA	4	NA	NA	2
m84047_230825_124911_s4/74320471/ccs	2647	KU244273.1,KU244273.1	NA	NA	NA	2	NA
m84047_230825_124911_s4/96405146/ccs	807	NA	KU244276.1,KU244276.1	NA	NA	NA	NA
m84047_230825_124911_s4/92146407/ccs	3258	NA	NA	6	NA	NA	6
m84047_230825_124911_s4/80284304/ccs	3685	NA	NA	6	NA	NA	NA
m84047_230825_124911_s4/86509471/ccs	4677	NA	NA	8	NA	NA	4
m84047_230825_124911_s4/80347270/ccs	2565	NA	KU244276.1,KU244276.1	2	NA	NA	2
m84047_230825_124911_s4/80348752/ccs	10582	NA	NA	8	NA	NA	4
m84047_230825_124911_s4/96993483/ccs	2682	KU244273.1,KU244273.1	NA	NA	NA	4	NA
m84047_230825_124911_s4/72354539/ccs	3583	NA	KU244276.1,KU244276.1,KU244274.1,KU244274.1	NA	NA	2	NA
m84047_230825_124911_s4/97126984/ccs	3239	NA	KU244273.1,KU244273.1	6	NA	NA	NA
m84047_230825_124911_s4/100665391/ccs	4076	NA	KU244273.1,KU244273.1	6	NA	NA	6
m84047_230825_124911_s4/97322541/ccs	4380	KU244283.1,KU244283.1	NA	8	NA	NA	2
m84047_230825_124911_s4/87033481/ccs	14593	NA	NA	4	NA	NA	4
m84047_230825_124911_s4/80938932/ccs	5836	NA	NA	8	NA	NA	8
m84047_230825_124911_s4/97584944/ccs	4778	NA	NA	NA	NA	NA	2
m84047_230825_124911_s4/93063293/ccs	2152	KU244273.1,KU244273.1	NA	2	NA	NA	NA
m84047_230825_124911_s4/87425474/ccs	1954	NA	NA	NA	NA	NA	NA
m84047_230825_124911_s4/81265200/ccs	3900	NA	NA	4	NA	NA	NA
m84047_230825_124911_s4/75891394/ccs	9300	NA	NA	2	NA	NA	2
m84047_230825_124911_s4/98043489/ccs	4936	NA	NA	8	NA	NA	4
m84047_230825_124911_s4/101580810/ccs	2624	NA	NA	NA	NA	NA	NA
m84047_230825_124911_s4/81463237/ccs	3782	KU244273.1,KU244273.1	NA	NA	NA	4	NA
m84047_230825_124911_s4/76154163/ccs	4523	NA	NA	8	NA	NA	4
m84047_230825_124911_s4/81592732/ccs	6880	NA	NA	8	NA	NA	8
m84047_230825_124911_s4/87884902/ccs	2982	NA	NA	2	NA	NA	NA
m84047_230825_124911_s4/81659427/ccs	9655	NA	NA	NA	NA	6	NA
m84047_230825_124911_s4/93782816/ccs	4162	NA	NA	NA	NA	6	NA
m84047_230825_124911_s4/81789901/ccs	4274	NA	NA	NA	NA	4	NA
m84047_230825_124911_s4/98437305/ccs	4337	NA	NA	2	NA	NA	2
m84047_230825_124911_s4/93849825/ccs	2605	NA	NA	2	NA	NA	2
m84047_230825_124911_s4/93850138/ccs	2234	KU244273.1,KU244273.1	NA	NA	NA	2	NA
m84047_230825_124911_s4/98634153/ccs	2847	NA	NA	4	NA	NA	4
m84047_230825_124911_s4/76808324/ccs	8427	NA	NA	2	NA	NA	NA
m84047_230825_124911_s4/94308200/ccs	6055	NA	NA	6	NA	NA	6
m84047_230825_124911_s4/82445908/ccs	3927	NA	NA	NA	NA	4	NA
m84047_230825_124911_s4/98895505/ccs	2901	NA	NA	NA	2	NA	NA
m84047_230825_124911_s4/99026462/ccs	10671	NA	NA	4	NA	NA	2
m84047_230825_124911_s4/77072945/ccs	12135	NA	NA	4	NA	NA	NA
m84047_230825_124911_s4/82641263/ccs	5082	NA	NA	6	NA	NA	6
m84047_230825_124911_s4/88868624/ccs	3174	NA	NA	4	NA	NA	2
m84047_230825_124911_s4/102760715/ccs	12309	NA	NA	NA	NA	NA	NA
m84047_230825_124911_s4/102827044/ccs	4566	NA	NA	10	NA	NA	8
m84047_230825_124911_s4/99158619/ccs	3965	NA	KU244274.1,KU244274.1	NA	NA	8	NA
m84047_230825_124911_s4/102892300/ccs	3204	NA	NA	2	NA	NA	NA
m84047_230825_124911_s4/77269453/ccs	3234	NA	NA	6	NA	NA	2
m84047_230825_124911_s4/94830844/ccs	4429	NA	KU244276.1,KU244276.1	NA	NA	NA	NA
m84047_230825_124911_s4/103025621/ccs	2492	NA	NA	4	NA	NA	4
m84047_230825_124911_s4/94832290/ccs	4864	NA	NA	12	NA	NA	4
m84047_230825_124911_s4/77595939/ccs	7206	NA	NA	2	NA	NA	2
m84047_230825_124911_s4/95029059/ccs	3545	NA	NA	8	NA	NA	2
m84047_230825_124911_s4/99552226/ccs	5071	NA	KU244275.1,KU244275.1	NA	NA	NA	NA
m84047_230825_124911_s4/117508607/ccs	1979	NA	NA	NA	NA	NA	NA
m84047_230825_124911_s4/83299110/ccs	18007	NA	NA	8	NA	NA	4
m84047_230825_124911_s4/117900789/ccs	3757	NA	KU244279.1,KU244279.1	4	NA	NA	4
m84047_230825_124911_s4/123536124/ccs	11309	KU244273.1,KU244273.1	NA	6	NA	NA	2
m84047_230825_124911_s4/117967000/ccs	3389	NA	NA	4	NA	NA	4
m84047_230825_124911_s4/118032607/ccs	3360	NA	NA	NA	NA	NA	2
m84047_230825_124911_s4/118161969/ccs	4472	KU244274.1,KU244274.1	NA	NA	NA	8	NA
m84047_230825_124911_s4/83822507/ccs	3375	NA	NA	2	NA	NA	NA
m84047_230825_124911_s4/123799394/ccs	4504	NA	KU244279.1,KU244279.1	10	NA	NA	6
m84047_230825_124911_s4/106496478/ccs	7636	KU244273.1,KU244273.1	NA	12	NA	NA	10
m84047_230825_124911_s4/118425756/ccs	5040	NA	KU244275.1,KU244275.1	NA	NA	2	NA
m84047_230825_124911_s4/100535024/ccs	5771	NA	KU244276.1,KU244276.1	6	NA	NA	NA
m84047_230825_124911_s4/124258860/ccs	4244	NA	NA	6	NA	NA	4
m84047_230825_124911_s4/119079987/ccs	3501	NA	NA	4	NA	NA	2
m84047_230825_124911_s4/124848240/ccs	5560	NA	NA	4	NA	NA	2
m84047_230825_124911_s4/112789255/ccs	5846	NA	NA	8	NA	NA	2
m84047_230825_124911_s4/112854786/ccs	13335	NA	NA	8	NA	NA	4
m84047_230825_124911_s4/125044974/ccs	2303	KU244273.1,KU244273.1	NA	2	NA	NA	NA
m84047_230825_124911_s4/104989919/ccs	2484	NA	NA	NA	2	2	NA
m84047_230825_124911_s4/119606116/ccs	2733	NA	KU244275.1,KU244275.1	2	NA	NA	NA
m84047_230825_124911_s4/113248918/ccs	3258	NA	NA	NA	NA	NA	2
m84047_230825_124911_s4/107743860/ccs	4765	NA	NA	NA	NA	12	NA
m84047_230825_124911_s4/113509753/ccs	6043	NA	NA	10	NA	NA	4
m84047_230825_124911_s4/129959149/ccs	4666	NA	NA	NA	NA	4	NA
m84047_230825_124911_s4/108070921/ccs	7024	NA	NA	6	NA	NA	6
m84047_230825_124911_s4/125700534/ccs	5205	NA	NA	4	NA	NA	NA
m84047_230825_124911_s4/105515611/ccs	3883	NA	KU244283.1,KU244283.1	4	NA	NA	NA
m84047_230825_124911_s4/125962141/ccs	2695	NA	NA	2	NA	NA	2
m84047_230825_124911_s4/108396926/ccs	9679	NA	NA	NA	NA	4	NA
m84047_230825_124911_s4/126355917/ccs	4555	NA	NA	10	NA	NA	NA
m84047_230825_124911_s4/106104260/ccs	7676	NA	NA	4	NA	NA	2
m84047_230825_124911_s4/114296883/ccs	5294	NA	KU244273.1,KU244273.1	12	NA	NA	8
m84047_230825_124911_s4/120851078/ccs	4529	NA	NA	6	NA	NA	2
m84047_230825_124911_s4/120916399/ccs	3451	NA	NA	6	NA	NA	2
m84047_230825_124911_s4/109316881/ccs	2622	NA	NA	4	NA	NA	2
m84047_230825_124911_s4/131400263/ccs	6538	NA	NA	4	NA	NA	NA
m84047_230825_124911_s4/131596382/ccs	7937	NA	NA	8	NA	NA	10
m84047_230825_124911_s4/134938916/ccs	6764	NA	KU244279.1,KU244279.1,KU244273.1,KU244273.1	12	NA	NA	10
m84047_230825_124911_s4/114952038/ccs	4477	NA	KU244273.1,KU244273.1	6	NA	NA	4
m84047_230825_124911_s4/135660893/ccs	1958	NA	NA	4	NA	NA	2
m84047_230825_124911_s4/110102400/ccs	5695	NA	NA	6	NA	NA	2
m84047_230825_124911_s4/110101129/ccs	7271	NA	NA	NA	NA	2	NA
m84047_230825_124911_s4/122029112/ccs	3878	NA	NA	4	NA	NA	2
m84047_230825_124911_s4/122094328/ccs	4270	NA	NA	6	NA	NA	NA
m84047_230825_124911_s4/115474555/ccs	4101	NA	NA	6	NA	NA	8
m84047_230825_124911_s4/127730918/ccs	7684	NA	NA	6	NA	NA	2
m84047_230825_124911_s4/127795256/ccs	5193	NA	NA	8	NA	NA	8
m84047_230825_124911_s4/127863414/ccs	1975	NA	NA	2	NA	2	NA
m84047_230825_124911_s4/110824118/ccs	5069	NA	NA	NA	2	NA	2
m84047_230825_124911_s4/132844035/ccs	2866	NA	NA	NA	NA	NA	NA
m84047_230825_124911_s4/122751337/ccs	2994	NA	KU244276.1,KU244276.1	NA	NA	NA	4
m84047_230825_124911_s4/128319804/ccs	4313	NA	NA	6	NA	NA	2
m84047_230825_124911_s4/111019928/ccs	4380	NA	KU244280.1,KU244280.1	10	NA	NA	4
m84047_230825_124911_s4/116132810/ccs	4770	NA	NA	6	NA	NA	4
m84047_230825_124911_s4/133367412/ccs	9752	NA	NA	6	NA	NA	2
m84047_230825_124911_s4/133498035/ccs	3109	NA	NA	6	NA	NA	2
m84047_230825_124911_s4/151456406/ccs	4273	NA	NA	10	NA	NA	6
m84047_230825_124911_s4/133563893/ccs	10575	NA	NA	NA	NA	NA	2
m84047_230825_124911_s4/157026105/ccs	17310	NA	NA	NA	NA	6	NA
m84047_230825_124911_s4/139789751/ccs	4208	NA	NA	NA	NA	8	NA
m84047_230825_124911_s4/137430657/ccs	5064	NA	NA	NA	NA	NA	NA
m84047_230825_124911_s4/157354023/ccs	3753	NA	KU244276.1,KU244276.1,KU244274.1,KU244274.1	NA	NA	6	NA
m84047_230825_124911_s4/139986611/ccs	3828	NA	KU244276.1,KU244276.1	4	NA	NA	2
m84047_230825_124911_s4/137563108/ccs	2918	NA	KU244274.1,KU244274.1	NA	NA	8	NA
m84047_230825_124911_s4/140248014/ccs	7766	NA	NA	2	NA	NA	6
m84047_230825_124911_s4/152240513/ccs	11372	NA	NA	4	NA	NA	NA
m84047_230825_124911_s4/140314323/ccs	3547	NA	NA	NA	NA	4	NA
m84047_230825_124911_s4/152307189/ccs	4634	NA	NA	4	NA	NA	4
m84047_230825_124911_s4/152373171/ccs	2909	NA	NA	NA	NA	6	NA
m84047_230825_124911_s4/140643239/ccs	5739	NA	KU244275.1,KU244275.1,KU244275.1,KU244275.1	4	NA	NA	2
m84047_230825_124911_s4/145557350/ccs	4071	NA	NA	8	NA	NA	NA
m84047_230825_124911_s4/138021720/ccs	3813	NA	NA	NA	4	NA	2
m84047_230825_124911_s4/158074942/ccs	3678	NA	NA	NA	2	4	NA
m84047_230825_124911_s4/140903060/ccs	6207	NA	NA	2	NA	NA	4
m84047_230825_124911_s4/153027835/ccs	4782	NA	NA	4	NA	NA	NA
m84047_230825_124911_s4/153224287/ccs	12465	NA	NA	6	NA	NA	NA
m84047_230825_124911_s4/163185133/ccs	4264	NA	KU244280.1,KU244280.1	8	NA	NA	2
m84047_230825_124911_s4/158728913/ccs	1954	NA	NA	6	NA	NA	4
m84047_230825_124911_s4/146670593/ccs	3668	NA	KU244283.1,KU244283.1	2	NA	NA	NA
m84047_230825_124911_s4/163580653/ccs	4129	NA	NA	NA	NA	6	NA
m84047_230825_124911_s4/141691438/ccs	5620	NA	KU244280.1,KU244280.1	NA	NA	6	NA
m84047_230825_124911_s4/141885780/ccs	9838	NA	NA	6	NA	NA	2
m84047_230825_124911_s4/139460934/ccs	3648	NA	NA	NA	NA	2	NA
m84047_230825_124911_s4/139461081/ccs	4096	NA	NA	NA	NA	10	NA
m84047_230825_124911_s4/164102844/ccs	3444	NA	KU244275.1,KU244275.1	NA	NA	4	NA
m84047_230825_124911_s4/154143558/ccs	3625	NA	KU244275.1,KU244275.1	NA	NA	6	NA
m84047_230825_124911_s4/167904792/ccs	4567	NA	KU244280.1,KU244280.1,KU244275.1,KU244275.1	6	NA	NA	2
m84047_230825_124911_s4/154403128/ccs	5504	KU244273.1,KU244273.1	NA	NA	NA	NA	NA
m84047_230825_124911_s4/160368695/ccs	4004	NA	NA	NA	NA	6	NA
m84047_230825_124911_s4/168691111/ccs	4063	NA	NA	6	NA	NA	2
m84047_230825_124911_s4/168757751/ccs	6867	NA	NA	NA	NA	NA	NA
m84047_230825_124911_s4/143198019/ccs	3848	NA	KU244280.1,KU244280.1,KU244280.1,KU244280.1	NA	NA	4	NA
m84047_230825_124911_s4/160828104/ccs	5022	NA	NA	6	NA	NA	4
m84047_230825_124911_s4/165939761/ccs	4002	KU244273.1,KU244273.1	NA	NA	NA	6	NA
m84047_230825_124911_s4/169280302/ccs	7202	NA	NA	NA	NA	NA	2
m84047_230825_124911_s4/169412758/ccs	4829	KU244280.1,KU244280.1	NA	6	NA	NA	4
m84047_230825_124911_s4/166330503/ccs	4251	NA	KU244280.1,KU244280.1	NA	2	2	NA
m84047_230825_124911_s4/169478801/ccs	2068	NA	NA	4	NA	NA	NA
m84047_230825_124911_s4/155846045/ccs	3878	NA	NA	10	NA	NA	4
m84047_230825_124911_s4/149094639/ccs	4164	NA	KU244274.1,KU244274.1	NA	NA	10	NA
m84047_230825_124911_s4/155976882/ccs	8353	NA	KU244280.1,KU244280.1	NA	NA	4	NA
m84047_230825_124911_s4/149161586/ccs	7252	NA	NA	NA	NA	NA	NA
m84047_230825_124911_s4/149162591/ccs	1990	NA	NA	4	NA	NA	2
m84047_230825_124911_s4/149291413/ccs	10356	NA	KU244274.1,KU244274.1	4	NA	NA	NA
m84047_230825_124911_s4/156173951/ccs	10255	NA	NA	6	NA	NA	4
m84047_230825_124911_s4/161940289/ccs	7882	NA	NA	10	NA	NA	6
m84047_230825_124911_s4/166986221/ccs	4482	NA	NA	6	NA	NA	NA
m84047_230825_124911_s4/170328184/ccs	11585	NA	NA	NA	NA	NA	2
m84047_230825_124911_s4/190515553/ccs	7414	NA	NA	4	NA	NA	2
m84047_230825_124911_s4/167446668/ccs	2929	NA	NA	2	NA	NA	NA
m84047_230825_124911_s4/190644407/ccs	3555	NA	NA	NA	NA	8	NA
m84047_230825_124911_s4/190908506/ccs	2926	NA	NA	4	NA	NA	4
m84047_230825_124911_s4/170985169/ccs	3365	NA	NA	4	NA	NA	2
m84047_230825_124911_s4/171311471/ccs	5585	NA	NA	NA	NA	8	NA
m84047_230825_124911_s4/191236475/ccs	6627	NA	NA	6	NA	NA	2
m84047_230825_124911_s4/150472996/ccs	10530	NA	NA	2	NA	NA	2
m84047_230825_124911_s4/185535403/ccs	5835	NA	NA	NA	NA	NA	NA
m84047_230825_124911_s4/150537300/ccs	3754	NA	NA	NA	NA	6	NA
m84047_230825_124911_s4/173606154/ccs	9486	NA	NA	NA	NA	4	NA
m84047_230825_124911_s4/171576185/ccs	9341	NA	NA	6	NA	NA	6
m84047_230825_124911_s4/171770092/ccs	3833	NA	KU244275.1,KU244275.1	NA	NA	4	NA
m84047_230825_124911_s4/191826891/ccs	4729	KU244273.1,KU244273.1	NA	14	NA	NA	12
m84047_230825_124911_s4/196807000/ccs	9473	NA	NA	NA	NA	NA	2
m84047_230825_124911_s4/178980936/ccs	2954	KU244273.1,KU244273.1	NA	2	NA	NA	2
m84047_230825_124911_s4/197133145/ccs	2461	NA	NA	4	NA	NA	2
m84047_230825_124911_s4/197526746/ccs	3241	NA	KU244274.1,KU244274.1	NA	NA	4	NA
m84047_230825_124911_s4/179961903/ccs	3807	NA	NA	6	NA	NA	NA
m84047_230825_124911_s4/197787906/ccs	3683	NA	NA	6	NA	NA	2
m84047_230825_124911_s4/174917818/ccs	4272	NA	NA	NA	NA	10	NA
m84047_230825_124911_s4/174983985/ccs	4142	NA	NA	NA	NA	2	NA
m84047_230825_124911_s4/187499370/ccs	6337	NA	NA	4	NA	NA	4
m84047_230825_124911_s4/187696770/ccs	2195	NA	NA	NA	NA	2	NA
m84047_230825_124911_s4/187893989/ccs	2480	NA	NA	2	NA	NA	4
m84047_230825_124911_s4/187958328/ccs	13013	NA	NA	NA	NA	NA	2
m84047_230825_124911_s4/199034185/ccs	18296	NA	NA	NA	2	NA	2
m84047_230825_124911_s4/181537085/ccs	3380	NA	KU244280.1,KU244280.1	4	NA	NA	NA
m84047_230825_124911_s4/176162549/ccs	4670	NA	NA	6	NA	NA	2
m84047_230825_124911_s4/194248795/ccs	4932	NA	KU244275.1,KU244275.1,KU244275.1,KU244275.1	8	NA	NA	2
m84047_230825_124911_s4/194251587/ccs	3818	NA	NA	6	NA	NA	4
m84047_230825_124911_s4/176294729/ccs	7521	KU244273.1,KU244273.1	NA	6	NA	NA	2
m84047_230825_124911_s4/199623370/ccs	4147	NA	NA	4	NA	NA	2
m84047_230825_124911_s4/182258151/ccs	3043	NA	NA	NA	2	NA	2
m84047_230825_124911_s4/177014953/ccs	10001	NA	NA	NA	NA	6	NA
m84047_230825_124911_s4/177080742/ccs	4157	NA	NA	2	NA	NA	6
m84047_230825_124911_s4/189598647/ccs	9058	NA	NA	NA	NA	2	NA
m84047_230825_124911_s4/182519569/ccs	8181	NA	NA	8	NA	NA	6
m84047_230825_124911_s4/182520542/ccs	12642	NA	NA	12	NA	NA	6
m84047_230825_124911_s4/183305695/ccs	4105	NA	NA	4	NA	NA	2
m84047_230825_124911_s4/183370517/ccs	2495	NA	NA	4	NA	NA	2
m84047_230825_124911_s4/201132546/ccs	4303	NA	KU244280.1,KU244280.1	NA	NA	10	NA
m84047_230825_124911_s4/183632431/ccs	7196	NA	NA	6	NA	NA	4
m84047_230825_124911_s4/184223972/ccs	10869	NA	NA	4	NA	NA	4
m84047_230825_124911_s4/178849248/ccs	3561	KU244279.1,KU244279.1	NA	6	NA	NA	2
