YP_007890313.1	Contig371	0.428	42	24	0	38	79	168	3072	3197	5156	5.421E-18	82	42M	YP_007890313.1 NADH dehydrogenase subunit 3 (mitochondrion) [Clathrina clathrus]	Contig371	STYECGFASRRKSRLPFKLQFFLVGILFLIFDVEITALIPYG	SPCECGFNPLSGWRLPFSVHFLNIACLFLVFDLEVLLLTPWA
YP_007890313.1	ERR12319363.4700826	0.347	46	30	0	34	79	168	1164	1301	5391	2.758E-15	74	46M	YP_007890313.1 NADH dehydrogenase subunit 3 (mitochondrion) [Clathrina clathrus]	ERR12319363.4700826 4700826 length=5184	RDTYSTYECGFASRRKSRLPFKLQFFLVGILFLIFDVEITALIPYG	RQARSPCKCDFLTPSGWWLPFSVHFLNIACLFLVFDLEVLLLAPWA
YP_007890313.1	Contig194	0.400	35	21	0	44	78	168	2737	2841	5458	3.315E-14	71	35M	YP_007890313.1 NADH dehydrogenase subunit 3 (mitochondrion) [Clathrina clathrus]	Contig194	FASRRKSRLPFKLQFFLVGILFLIFDVEITALIPY	FDPLSGWRLPFSVHFLNIACLFLVFDLEVLLLTPW
YP_007890313.1	Contig155	0.340	44	28	1	35	77	168	2066	2197	3632	1.148E-13	69	10M1D33M	YP_007890313.1 NADH dehydrogenase subunit 3 (mitochondrion) [Clathrina clathrus]	Contig155	DTYSTYECGF-ASRRKSRLPFKLQFFLVGILFLIFDVEITALIP	QARSPYGCAFLTPFSGWRLPFSVHFLNIACPFLVFNLEVLLLTP
YP_007890313.1	ERR12319363.1726960	0.340	44	28	1	35	77	168	5010	5141	6210	1.148E-13	69	10M1D33M	YP_007890313.1 NADH dehydrogenase subunit 3 (mitochondrion) [Clathrina clathrus]	ERR12319363.1726960 1726960 length=5984	DTYSTYECGF-ASRRKSRLPFKLQFFLVGILFLIFDVEITALIP	QARSPYGCAFLTPFSGWRLPFSVHFLNIACPFLVFNLEVLLLTP
YP_007890313.1	Contig295	0.382	34	21	0	46	79	168	2026	2127	4762	1.005E-12	66	34M	YP_007890313.1 NADH dehydrogenase subunit 3 (mitochondrion) [Clathrina clathrus]	Contig295	SRRKSRLPFKLQFFLVGILFLIFDVEITALIPYG	PFSGWRLPFSVHFLNIACLFLVFDLEVLLLTPWA
YP_007890313.1	ERR12319363.2989961	0.324	37	25	0	44	80	168	1368	1478	3669	1.370E-12	66	37M	YP_007890313.1 NADH dehydrogenase subunit 3 (mitochondrion) [Clathrina clathrus]	ERR12319363.2989961 2989961 length=3567	FASRRKSRLPFKLQFFLVGILFLIFDVEITALIPYGV	FDPLSGWQLPFSVHFLNTACLFLVFDLEVLLSTPWAI
YP_007890313.1	ERR12319363.6002542	0.419	31	18	0	34	64	168	2689	2781	4521	6.438E-12	64	31M	YP_007890313.1 NADH dehydrogenase subunit 3 (mitochondrion) [Clathrina clathrus]	ERR12319363.6002542 6002542 length=4380	RDTYSTYECGFASRRKSRLPFKLQFFLVGIL	RQARSPYECGFDSLSGWQLPFSVHFLNIACL
YP_007890313.1	Contig163	0.451	31	17	0	34	64	168	1676	1768	4818	6.438E-12	64	31M	YP_007890313.1 NADH dehydrogenase subunit 3 (mitochondrion) [Clathrina clathrus]	Contig163	RDTYSTYECGFASRRKSRLPFKLQFFLVGIL	RQARSPYECGFDSLSGWRLPFSIHFLNTACL
YP_007890313.1	ERR12319363.1663465	0.451	31	17	0	34	64	168	5855	5947	7481	6.438E-12	64	31M	YP_007890313.1 NADH dehydrogenase subunit 3 (mitochondrion) [Clathrina clathrus]	ERR12319363.1663465 1663465 length=7179	RDTYSTYECGFASRRKSRLPFKLQFFLVGIL	RQARSPYECGFDSLSGWRLPFSIHFLNTACL
YP_007890313.1	ERR12319363.1919652	0.406	32	18	1	34	64	168	2298	2393	3088	1.195E-11	63	12M1D19M	YP_007890313.1 NADH dehydrogenase subunit 3 (mitochondrion) [Clathrina clathrus]	ERR12319363.1919652 1919652 length=2982	RDTYSTYECGFA-SRRKSRLPFKLQFFLVGIL	RQARSPYECGFDPPLSGWRLPFSVHFLNIACL
YP_007890313.1	ERR12319363.5742224	0.451	31	17	0	34	64	168	1365	1457	4936	1.195E-11	63	31M	YP_007890313.1 NADH dehydrogenase subunit 3 (mitochondrion) [Clathrina clathrus]	ERR12319363.5742224 5742224 length=4765	RDTYSTYECGFASRRKSRLPFKLQFFLVGIL	RLARSPYECGFDSLSGWRLPFSVHFLNIACL
YP_007890313.1	ERR12319363.4032672	0.451	31	17	0	34	64	168	156	248	5798	1.195E-11	63	31M	YP_007890313.1 NADH dehydrogenase subunit 3 (mitochondrion) [Clathrina clathrus]	ERR12319363.4032672 4032672 length=5627	RDTYSTYECGFASRRKSRLPFKLQFFLVGIL	RLARSPYECGFDSLSGWRLPFSVHFLNIACL
YP_007890313.1	Contig384	0.361	36	23	0	35	70	168	2811	2918	5205	1.627E-11	63	36M	YP_007890313.1 NADH dehydrogenase subunit 3 (mitochondrion) [Clathrina clathrus]	Contig384	DTYSTYECGFASRRKSRLPFKLQFFLVGILFLIFDV	QAHPPYACGFDPLSGWRLPFFVHFLNITCLFLVFSL
YP_007890313.1	Contig93	0.393	33	18	1	34	64	168	2443	2541	21276	1.627E-11	63	12M2D19M	YP_007890313.1 NADH dehydrogenase subunit 3 (mitochondrion) [Clathrina clathrus]	Contig93	RDTYSTYECGFA--SRRKSRLPFKLQFFLVGIL	RQARSPYECGFDPPPLSGWRLPFSVHFLNIACL
YP_007890313.1	Contig149	0.361	36	23	0	35	70	168	2728	2835	21386	1.627E-11	63	36M	YP_007890313.1 NADH dehydrogenase subunit 3 (mitochondrion) [Clathrina clathrus]	Contig149	DTYSTYECGFASRRKSRLPFKLQFFLVGILFLIFDV	QAHPPYACGFDPLSGWRLPFFVHFLNITCLFLVFSL
YP_007890313.1	Contig69	0.317	41	28	0	39	79	168	16464	16586	18999	3.018E-11	62	41M	YP_007890313.1 NADH dehydrogenase subunit 3 (mitochondrion) [Clathrina clathrus]	Contig69	TYECGFASRRKSRLPFKLQFFLVGILFLIFDVEITALIPYG	PMGVAF*PLSGWRLPFSVHFLNTTCLFLVLDLEVLLLAPWA
YP_007890313.1	ERR12319363.323016	0.377	45	27	1	35	79	168	1831	1962	3444	4.109E-11	62	18M1I26M	YP_007890313.1 NADH dehydrogenase subunit 3 (mitochondrion) [Clathrina clathrus]	ERR12319363.323016 323016 length=3316	DTYSTYECGFASRRKSRLPFKLQFFLVGILFLIFDVEITALIPYG	QARSPYECGFDLLPAGGF-LSIHFLNIACLFLIFDLEVLLLTPLG
YP_007890313.1	Contig74	0.354	31	20	0	34	64	168	2178	2270	4096	4.109E-11	62	31M	YP_007890313.1 NADH dehydrogenase subunit 3 (mitochondrion) [Clathrina clathrus]	Contig74	RDTYSTYECGFASRRKSRLPFKLQFFLVGIL	RQARSPYECDFDPLSGWWLPFSVHFLNIACL
YP_007890313.1	Contig140	0.451	31	17	0	34	64	168	2493	2585	4929	4.109E-11	62	31M	YP_007890313.1 NADH dehydrogenase subunit 3 (mitochondrion) [Clathrina clathrus]	Contig140	RDTYSTYECGFASRRKSRLPFKLQFFLVGIL	RLARSPYECGFDSLSGWRLPFSVHFLNITCL
YP_007890313.1	Contig28	0.388	36	22	0	35	70	168	2231	2338	4972	5.595E-11	61	36M	YP_007890313.1 NADH dehydrogenase subunit 3 (mitochondrion) [Clathrina clathrus]	Contig28	DTYSTYECGFASRRKSRLPFKLQFFLVGILFLIFDV	QAHSPYGCGFDPLSSWRLPFFVHFLNTTCLFLVFSL
YP_007890313.1	Contig315	0.366	30	19	0	35	64	168	2138	2227	5591	7.617E-11	61	30M	YP_007890313.1 NADH dehydrogenase subunit 3 (mitochondrion) [Clathrina clathrus]	Contig315	DTYSTYECGFASRRKSRLPFKLQFFLVGIL	QANSPHECGFDPLSGWRLPFSVHFLNIACL
YP_007890313.1	Contig192	0.416	36	21	0	35	70	168	2168	2275	5169	1.037E-10	61	36M	YP_007890313.1 NADH dehydrogenase subunit 3 (mitochondrion) [Clathrina clathrus]	Contig192	DTYSTYECGFASRRKSRLPFKLQFFLVGILFLIFDV	QAHPPHECGFDSLSGWRLPFFVHFLNTTCLFLIFSL
YP_007890313.1	ERR12319363.2217133	0.292	41	29	0	39	79	168	2018	2140	3884	1.411E-10	60	41M	YP_007890313.1 NADH dehydrogenase subunit 3 (mitochondrion) [Clathrina clathrus]	ERR12319363.2217133 2217133 length=3758	TYECGFASRRKSRLPFKLQFFLVGILFLIFDVEITALIPYG	PMNAAF*PLSGWRLPFSVHFLNTTCLFLVFGLEVLLLTSWA
YP_007890313.1	ERR12319363.2683592	0.361	36	23	0	35	70	168	2246	2353	3674	1.921E-10	60	36M	YP_007890313.1 NADH dehydrogenase subunit 3 (mitochondrion) [Clathrina clathrus]	ERR12319363.2683592 2683592 length=3554	DTYSTYECGFASRRKSRLPFKLQFFLVGILFLIFDV	QAHSPYESDFDPLSGWRLPFFVHFLNTTCLFLVFSL
YP_007890313.1	Contig184	0.388	36	21	1	44	79	168	3046	3150	4469	6.582E-10	58	3M1I32M	YP_007890313.1 NADH dehydrogenase subunit 3 (mitochondrion) [Clathrina clathrus]	Contig184	FASRRKSRLPFKLQFFLVGILFLIFDVEITALIPYG	FDP-PGWRLPFSVHFLNIACLFLVFGLEVLLLTPLG
YP_007890313.1	ERR12319363.3403736	0.252	75	55	1	36	110	168	2154	2375	4485	3.060E-09	56	17M1I57M	YP_007890313.1 NADH dehydrogenase subunit 3 (mitochondrion) [Clathrina clathrus]	ERR12319363.3403736 3403736 length=4347	TYSTYECGFASRRKSRLPFKLQFFLVGILFLIFDVEITALIPYGVMYMDSQYYSQLVLILFIGILVLGVLYEFVL	AHSPHDCGFDFLPAGGF-LSIHFLNIACLFLVFNLEVLLLTTWATVQAPPPPPAQHFLGAFLVVLTLVGAWEYVL
YP_007890313.1	ERR12319363.1544905	0.375	32	19	1	35	65	168	2000	2095	2639	5.654E-09	55	10M1D21M	YP_007890313.1 NADH dehydrogenase subunit 3 (mitochondrion) [Clathrina clathrus]	ERR12319363.1544905 1544905 length=2529	DTYSTYECGF-ASRRKSRLPFKLQFFLVGILF	QARSPYECAFLTPFSSWRLPFSVHFLNIACLF
YP_007890313.1	Contig129	0.407	27	16	0	34	60	168	14458	14538	16909	1.418E-08	54	27M	YP_007890313.1 NADH dehydrogenase subunit 3 (mitochondrion) [Clathrina clathrus]	Contig129	RDTYSTYECGFASRRKSRLPFKLQFFL	RQAHSPYECSFDPLSGWRLPFFVHFLN
YP_007890313.1	ERR12319363.4217473	0.352	34	21	1	35	67	168	2533	2634	4476	1.927E-08	54	10M1D23M	YP_007890313.1 NADH dehydrogenase subunit 3 (mitochondrion) [Clathrina clathrus]	ERR12319363.4217473 4217473 length=4308	DTYSTYECGF-ASRRKSRLPFKLQFFLVGILFLI	QARSPCECGFLTPFSGWWLPFYVHFLNIACLFLV
YP_007890313.1	ERR12319363.3979498	0.370	27	17	0	35	61	168	5152	5232	7631	3.554E-08	53	27M	YP_007890313.1 NADH dehydrogenase subunit 3 (mitochondrion) [Clathrina clathrus]	ERR12319363.3979498 3979498 length=7402	DTYSTYECGFASRRKSRLPFKLQFFLV	QAHSPYECSFDPLSGWRLPFFVHFLNI
YP_007890313.1	Contig164	0.391	46	25	1	34	79	168	1769	1897	4505	1.207E-07	51	31M3I12M	YP_007890313.1 NADH dehydrogenase subunit 3 (mitochondrion) [Clathrina clathrus]	Contig164	RDTYSTYECGFASRRKSRLPFKLQFFLVGILFLIFDVEITALIPYG	RQARSPYECGFKPLSGWRLPLYPLFEHRLSL---FGLEVLLLIPLG
YP_007890313.1	ERR12319363.2358380	0.366	30	19	0	35	64	168	6552	6641	7017	1.207E-07	51	30M	YP_007890313.1 NADH dehydrogenase subunit 3 (mitochondrion) [Clathrina clathrus]	ERR12319363.2358380 2358380 length=6671	DTYSTYECGFASRRKSRLPFKLQFFLVGIL	QAHSPYGCGFDPFSGWRLPFFVHFLNTAYL
YP_007890313.1	ERR12319363.4613491	0.255	47	27	2	34	79	168	1927	2046	4439	2.221E-07	51	11M1D13M7I15M	YP_007890313.1 NADH dehydrogenase subunit 3 (mitochondrion) [Clathrina clathrus]	ERR12319363.4613491 4613491 length=4291	RDTYSTYECGF-ASRRKSRLPFKLQFFLVGILFLIFDVEITALIPYG	RQARPPCKCDFLTPFSGWWLPFSVH-------FLVFDLEVLLWAPWA
YP_007890313.1	ERR12319363.3566595	0.360	25	16	0	44	68	168	1108	1182	3545	3.013E-07	50	25M	YP_007890313.1 NADH dehydrogenase subunit 3 (mitochondrion) [Clathrina clathrus]	ERR12319363.3566595 3566595 length=3437	FASRRKSRLPFKLQFFLVGILFLIF	FDPLSGWRLPFSVHFLNIACPFLVF
YP_007890313.1	ERR12319363.2935641	0.458	24	13	0	37	60	168	2884	2955	4837	3.013E-07	50	24M	YP_007890313.1 NADH dehydrogenase subunit 3 (mitochondrion) [Clathrina clathrus]	ERR12319363.2935641 2935641 length=4651	YSTYECGFASRRKSRLPFKLQFFL	YSPYVCGFDPLSGWRLPFFVHFLN
YP_007890313.1	Contig203	0.333	27	18	0	35	61	168	2147	2227	3192	4.087E-07	50	27M	YP_007890313.1 NADH dehydrogenase subunit 3 (mitochondrion) [Clathrina clathrus]	Contig203	DTYSTYECGFASRRKSRLPFKLQFFLV	QAHSPYGCSFDPLSGWRLPFFVHFLNI
YP_007890313.1	ERR12319363.2226790	0.333	27	18	0	35	61	168	2257	2337	10528	4.087E-07	50	27M	YP_007890313.1 NADH dehydrogenase subunit 3 (mitochondrion) [Clathrina clathrus]	ERR12319363.2226790 2226790 length=10186	DTYSTYECGFASRRKSRLPFKLQFFLV	QAHSPYGCSFDPLSGWRLPFFVHFLNI
YP_007890313.1	ERR12319363.4136068	0.260	46	27	1	34	79	168	1270	1386	5585	5.542E-07	49	24M7I15M	YP_007890313.1 NADH dehydrogenase subunit 3 (mitochondrion) [Clathrina clathrus]	ERR12319363.4136068 4136068 length=5400	RDTYSTYECGFASRRKSRLPFKLQFFLVGILFLIFDVEITALIPYG	RQARSPCKCDFLTPSGWWLPFSVH-------FLVFDLEVLLRATWA
YP_007890313.1	ERR12319363.749626	0.464	28	15	0	51	78	168	1502	1585	7381	5.542E-07	49	28M	YP_007890313.1 NADH dehydrogenase subunit 3 (mitochondrion) [Clathrina clathrus]	ERR12319363.749626 749626 length=7135	RLPFKLQFFLVGILFLIFDVEITALIPY	RLPFSVHFLNTTCLFLIFDLEVLLLTSW
YP_007890313.1	ERR12319363.1689763	0.260	46	32	1	35	78	168	7102	7239	8257	7.513E-07	49	31M2D13M	YP_007890313.1 NADH dehydrogenase subunit 3 (mitochondrion) [Clathrina clathrus]	ERR12319363.1689763 1689763 length=8020	DTYSTYECGFASRRKSRLPFKLQFFLVGILF--LIFDVEITALIPY	QAHSPHMCDSDPFSGWRLPFFVHFLNITYLFLGLLLSLGCFTLVPW
YP_007890313.1	ERR12319363.2683592	0.386	44	25	1	11	54	168	2529	2654	3674	1.018E-06	49	14M2I28M	YP_007890313.1 NADH dehydrogenase subunit 3 (mitochondrion) [Clathrina clathrus]	ERR12319363.2683592 2683592 length=3554	SVILSLIFFACTYILSPKYKLTLRDTYSTYECGFASRRKSRLPF	SVISLAFCIHCLYL--GGYAGASRQARSPYECGFDSLSGWQLPF
YP_007890313.1	ERR12319363.1314701	0.400	35	20	1	46	79	168	1802	1906	4090	1.380E-06	48	5M1D29M	YP_007890313.1 NADH dehydrogenase subunit 3 (mitochondrion) [Clathrina clathrus]	ERR12319363.1314701 1314701 length=3914	SRRKS-RLPFKLQFFLVGILFLIFDVEITALIPYG	SLAGWATIPFSIHFLKIGCLFLVFDLEVLLLSPLG
YP_007890313.1	Contig413	0.325	43	28	1	35	77	168	1506	1631	8701	1.380E-06	48	18M1I24M	YP_007890313.1 NADH dehydrogenase subunit 3 (mitochondrion) [Clathrina clathrus]	Contig413	DTYSTYECGFASRRKSRLPFKLQFFLVGILFLIFDVEITALIP	QARPPYECGFDPFPAGGL-LSIHFLNIACLFLGFRPRGTTLDP
YP_007890313.1	ERR12319363.1288480	0.333	27	18	0	34	60	168	2096	2176	4275	1.870E-06	48	27M	YP_007890313.1 NADH dehydrogenase subunit 3 (mitochondrion) [Clathrina clathrus]	ERR12319363.1288480 1288480 length=4134	RDTYSTYECGFASRRKSRLPFKLQFFL	RQAHSPHQCSFGPLSGWRLPFFVHFLN
YP_007890313.1	Contig111	0.321	28	19	0	34	61	168	2189	2272	4977	3.432E-06	47	28M	YP_007890313.1 NADH dehydrogenase subunit 3 (mitochondrion) [Clathrina clathrus]	Contig111	RDTYSTYECGFASRRKSRLPFKLQFFLV	RQAHSPYERSFDPLSGWWLPFFVHFLNI
YP_007890313.1	ERR12319363.495276	0.305	36	18	1	44	79	168	1297	1383	3891	4.648E-06	47	14M7I15M	YP_007890313.1 NADH dehydrogenase subunit 3 (mitochondrion) [Clathrina clathrus]	ERR12319363.495276 495276 length=3775	FASRRKSRLPFKLQFFLVGILFLIFDVEITALIPYG	FDPLSGWWLPFSVH-------FLIFDLEVLLRAPWA
YP_007890313.1	Contig171	0.361	36	22	1	44	79	168	2460	2564	4539	4.648E-06	47	3M1I32M	YP_007890313.1 NADH dehydrogenase subunit 3 (mitochondrion) [Clathrina clathrus]	Contig171	FASRRKSRLPFKLQFFLVGILFLIFDVEITALIPYG	FDP-SGWRLPFSVHFLDVACLFLVFSFLGSIFGPEG
YP_007890313.1	ERR12319363.5897395	0.305	36	18	1	44	79	168	2111	2197	4616	4.648E-06	47	14M7I15M	YP_007890313.1 NADH dehydrogenase subunit 3 (mitochondrion) [Clathrina clathrus]	ERR12319363.5897395 5897395 length=4477	FASRRKSRLPFKLQFFLVGILFLIFDVEITALIPYG	FDPLSGWWLPFSVH-------FLIFDLEVLLRAPWA
YP_007890313.1	Contig438	0.387	31	19	0	52	82	168	2345	2437	4762	4.648E-06	47	31M	YP_007890313.1 NADH dehydrogenase subunit 3 (mitochondrion) [Clathrina clathrus]	Contig438	LPFKLQFFLVGILFLIFDVEITALIPYGVMY	LPFSVHFLNTTCLFLVFDLEVLLRTPLGYFF
YP_007890313.1	Contig404	0.387	31	19	0	52	82	168	2748	2840	4984	4.648E-06	47	31M	YP_007890313.1 NADH dehydrogenase subunit 3 (mitochondrion) [Clathrina clathrus]	Contig404	LPFKLQFFLVGILFLIFDVEITALIPYGVMY	LPFSVHFLNTTCLFLVFDLEVLLRTPLGYFF
YP_007890313.1	ERR12319363.5740575	0.387	31	19	0	52	82	168	13652	13744	13862	4.648E-06	47	31M	YP_007890313.1 NADH dehydrogenase subunit 3 (mitochondrion) [Clathrina clathrus]	ERR12319363.5740575 5740575 length=13413	LPFKLQFFLVGILFLIFDVEITALIPYGVMY	LPFSVHFLNTTCLFLVFDLEVLLRTPLGYFF
YP_007890313.1	ERR12319363.1779028	0.320	50	24	2	31	79	168	1041	1163	3148	6.293E-06	46	12M1D2M9I26M	YP_007890313.1 NADH dehydrogenase subunit 3 (mitochondrion) [Clathrina clathrus]	ERR12319363.1779028 1779028 length=3070	LTLRDTYSTYEC-GFASRRKSRLPFKLQFFLVGILFLIFDVEITALIPYG	ITLS*ARSPFPAGGF---------FSIHFLNIACLFLAFDLEVLLLTPLG
YP_007890313.1	Contig82	0.255	47	25	2	34	79	168	2336	2449	4583	6.293E-06	46	9M1D2M9I26M	YP_007890313.1 NADH dehydrogenase subunit 3 (mitochondrion) [Clathrina clathrus]	Contig82	RDTYSTYEC-GFASRRKSRLPFKLQFFLVGILFLIFDVEITALIPYG	RQARSPFPAGGF---------LSIHFLNIACLFLAFDLEVLLLTSWA
YP_007890313.1	ERR12319363.3986770	0.392	28	17	0	55	82	168	4982	5065	6922	1.153E-05	46	28M	YP_007890313.1 NADH dehydrogenase subunit 3 (mitochondrion) [Clathrina clathrus]	ERR12319363.3986770 3986770 length=6715	KLQFFLVGILFLIFDVEITALIPYGVMY	SIHFLNIACLFLVFDVEVLLLTPFGPLF
YP_007890313.1	Contig39	0.387	31	19	0	52	82	168	2306	2398	4319	1.560E-05	45	31M	YP_007890313.1 NADH dehydrogenase subunit 3 (mitochondrion) [Clathrina clathrus]	Contig39	LPFKLQFFLVGILFLIFDVEITALIPYGVMY	LPFSVHFLNTTCLFLVFDLEALLRTPLGYFF
YP_007890313.1	ERR12319363.2603297	0.357	28	18	0	52	79	168	2406	2489	8589	1.560E-05	45	28M	YP_007890313.1 NADH dehydrogenase subunit 3 (mitochondrion) [Clathrina clathrus]	ERR12319363.2603297 2603297 length=8314	LPFKLQFFLVGILFLIFDVEITALIPYG	LPFSVHFLNTTCLFLVFDLEVLLRTLWA
YP_007890313.1	ERR12319363.4383365	0.342	38	18	1	42	79	168	856	948	2787	2.110E-05	45	4M7I27M	YP_007890313.1 NADH dehydrogenase subunit 3 (mitochondrion) [Clathrina clathrus]	ERR12319363.4383365 4383365 length=2702	CGFASRRKSRLPFKLQFFLVGILFLIFDVEITALIPYG	CDFD-------PLSVHFLNIACLFLVFDVEVLLLTALG
YP_007890313.1	ERR12319363.1272846	0.342	38	18	1	42	79	168	1424	1516	3271	2.110E-05	45	4M7I27M	YP_007890313.1 NADH dehydrogenase subunit 3 (mitochondrion) [Clathrina clathrus]	ERR12319363.1272846 1272846 length=3161	CGFASRRKSRLPFKLQFFLVGILFLIFDVEITALIPYG	CDFD-------PLSVHFLNIACLFLVFDVEVLLLTALG
YP_007890313.1	ERR12319363.4700586	0.305	36	18	1	44	79	168	1542	1628	3694	2.110E-05	45	14M7I15M	YP_007890313.1 NADH dehydrogenase subunit 3 (mitochondrion) [Clathrina clathrus]	ERR12319363.4700586 4700586 length=3584	FASRRKSRLPFKLQFFLVGILFLIFDVEITALIPYG	FGPLSGWWLPFSVH-------FLIFDLEVLLRAPWA
YP_007890313.1	ERR12319363.2782117	0.311	45	22	2	44	79	168	2076	2210	3776	2.110E-05	45	3M3D8M6D25M	YP_007890313.1 NADH dehydrogenase subunit 3 (mitochondrion) [Clathrina clathrus]	ERR12319363.2782117 2782117 length=3612	FAS---RRKSRLPF------KLQFFLVGILFLIFDVEITALIPYG	FDPSIALS*ARSPFPAGGFLSIHFLNIACLFLAFDLEVLLLTPLG
YP_007890313.1	Contig239	0.360	25	16	0	55	79	168	2409	2483	4304	2.110E-05	45	25M	YP_007890313.1 NADH dehydrogenase subunit 3 (mitochondrion) [Clathrina clathrus]	Contig239	KLQFFLVGILFLIFDVEITALIPYG	SIRFLNIACLFLVFDLEVLLLTPWA
YP_007890313.1	Contig169	0.380	21	13	0	46	66	168	2401	2463	5239	2.110E-05	45	21M	YP_007890313.1 NADH dehydrogenase subunit 3 (mitochondrion) [Clathrina clathrus]	Contig169	SRRKSRLPFKLQFFLVGILFL	PLSGWRLPFSVHFLNIACLFL
YP_007890313.1	Contig433	0.380	21	13	0	46	66	168	2431	2493	5407	2.110E-05	45	21M	YP_007890313.1 NADH dehydrogenase subunit 3 (mitochondrion) [Clathrina clathrus]	Contig433	SRRKSRLPFKLQFFLVGILFL	PLSGWRLPFSVHFLNIACLFL
YP_007890313.1	ERR12319363.6510155	0.380	21	13	0	46	66	168	10406	10468	13274	2.110E-05	45	21M	YP_007890313.1 NADH dehydrogenase subunit 3 (mitochondrion) [Clathrina clathrus]	ERR12319363.6510155 6510155 length=12866	SRRKSRLPFKLQFFLVGILFL	PLSGWRLPFSVHFLNIACLFL
YP_007890313.1	ERR12319363.264558	0.360	25	16	0	46	70	168	2635	2709	2724	3.860E-05	44	25M	YP_007890313.1 NADH dehydrogenase subunit 3 (mitochondrion) [Clathrina clathrus]	ERR12319363.264558 264558 length=2606	SRRKSRLPFKLQFFLVGILFLIFDV	PFSGWRLPFFVHFLNITCLFLVFSL
YP_007890313.1	ERR12319363.5623720	0.360	25	16	0	46	70	168	2804	2878	3512	3.860E-05	44	25M	YP_007890313.1 NADH dehydrogenase subunit 3 (mitochondrion) [Clathrina clathrus]	ERR12319363.5623720 5623720 length=3375	SRRKSRLPFKLQFFLVGILFLIFDV	PFSGWRLPFFVHFLNITCLFLVFSL
YP_007890313.1	ERR12319363.5694938	0.461	26	14	0	54	79	168	1917	1994	4726	3.860E-05	44	26M	YP_007890313.1 NADH dehydrogenase subunit 3 (mitochondrion) [Clathrina clathrus]	ERR12319363.5694938 5694938 length=4640	FKLQFFLVGILFLIFDVEITALIPYG	FSIHFLKIGCLFLVFDLEVLLLTPLG
YP_007890313.1	Contig77	0.434	46	26	0	34	79	168	2087	2224	4836	3.860E-05	44	46M	YP_007890313.1 NADH dehydrogenase subunit 3 (mitochondrion) [Clathrina clathrus]	Contig77	RDTYSTYECGFASRRKSRLPFKLQFFLVGILFLIFDVEITALIPYG	RQARSPYECGFDPLSGWRLPFSVHFLNIACLFLVFDLEVLLLTPWA
YP_007890313.1	ERR12319363.1432595	0.360	25	16	0	46	70	168	1774	1848	3060	5.219E-05	44	25M	YP_007890313.1 NADH dehydrogenase subunit 3 (mitochondrion) [Clathrina clathrus]	ERR12319363.1432595 1432595 length=2910	SRRKSRLPFKLQFFLVGILFLIFDV	PLSGWRLPFFVHFLNTTCLFLVFSL
YP_007890313.1	Contig239	0.421	19	11	0	35	53	168	2351	2407	4304	5.219E-05	44	19M	YP_007890313.1 NADH dehydrogenase subunit 3 (mitochondrion) [Clathrina clathrus]	Contig239	DTYSTYECGFASRRKSRLP	QARSPHECGFDPLSGWRLP
YP_007890313.1	ERR12319363.2198510	0.333	39	20	1	47	79	168	2074	2190	4459	7.053E-05	43	8M6D25M	YP_007890313.1 NADH dehydrogenase subunit 3 (mitochondrion) [Clathrina clathrus]	ERR12319363.2198510 2198510 length=4324	RRKSRLPF------KLQFFLVGILFLIFDVEITALIPYG	LS*ARSPFPAGGFLSIHFLNIACLFLAFDLEVLLLTPLG
YP_007890313.1	Contig249	0.276	47	24	2	34	79	168	2140	2253	4802	7.053E-05	43	9M1D2M9I26M	YP_007890313.1 NADH dehydrogenase subunit 3 (mitochondrion) [Clathrina clathrus]	Contig249	RDTYSTYEC-GFASRRKSRLPFKLQFFLVGILFLIFDVEITALIPYG	RQARSPFPAGGF---------LSIHFLNIACLFLAFGLEVLLLTPLG
YP_007890313.1	ERR12319363.6230663	0.333	39	20	1	47	79	168	5514	5630	5785	7.053E-05	43	8M6D25M	YP_007890313.1 NADH dehydrogenase subunit 3 (mitochondrion) [Clathrina clathrus]	ERR12319363.6230663 6230663 length=5620	RRKSRLPF------KLQFFLVGILFLIFDVEITALIPYG	LS*ARSPFPAGGFLSIHFLNIACLFLAFDLEVLLLTPLG
YP_007890313.1	ERR12319363.6685784	0.380	21	13	0	46	66	168	1186	1248	3818	9.532E-05	43	21M	YP_007890313.1 NADH dehydrogenase subunit 3 (mitochondrion) [Clathrina clathrus]	ERR12319363.6685784 6685784 length=3683	SRRKSRLPFKLQFFLVGILFL	PLSSWRLPFSVHFLNIACLFL
YP_007890313.1	ERR12319363.1291525	0.380	21	13	0	46	66	168	1577	1639	4141	9.532E-05	43	21M	YP_007890313.1 NADH dehydrogenase subunit 3 (mitochondrion) [Clathrina clathrus]	ERR12319363.1291525 1291525 length=3997	SRRKSRLPFKLQFFLVGILFL	PLSSWRLPFSVHFLNIACLFL
YP_007890313.1	Contig17	0.380	21	13	0	46	66	168	2325	2387	5267	9.532E-05	43	21M	YP_007890313.1 NADH dehydrogenase subunit 3 (mitochondrion) [Clathrina clathrus]	Contig17	SRRKSRLPFKLQFFLVGILFL	PLSSWRLPFSVHFLNIACLFL
YP_007890313.1	ERR12319363.3563795	0.360	25	16	0	46	70	168	1402	1476	4531	1.288E-04	42	25M	YP_007890313.1 NADH dehydrogenase subunit 3 (mitochondrion) [Clathrina clathrus]	ERR12319363.3563795 3563795 length=4413	SRRKSRLPFKLQFFLVGILFLIFDV	PFSGWRLPFFVHFLNTTCLFLVFSL
YP_007890313.1	ERR12319363.513704	0.391	23	14	0	42	64	168	193	261	11705	1.739E-04	42	23M	YP_007890313.1 NADH dehydrogenase subunit 3 (mitochondrion) [Clathrina clathrus]	ERR12319363.513704 513704 length=11459	CGFASRRKSRLPFKLQFFLVGIL	CGFDPFSGWRLPFFVHFLNTAYL
YP_007890313.1	ERR12319363.4703588	0.297	37	25	1	43	79	168	4778	4885	7458	2.349E-04	42	10M1I26M	YP_007890313.1 NADH dehydrogenase subunit 3 (mitochondrion) [Clathrina clathrus]	ERR12319363.4703588 4703588 length=7229	GFASRRKSRLPFKLQFFLVGILFLIFDVEITALIPYG	GFDLLPAGGF-LSIHFLNIACLFLVFNLEVLLLTPLG
YP_007890313.1	ERR12319363.1689763	0.421	19	11	0	35	53	168	6711	6767	8257	3.171E-04	41	19M	YP_007890313.1 NADH dehydrogenase subunit 3 (mitochondrion) [Clathrina clathrus]	ERR12319363.1689763 1689763 length=8020	DTYSTYECGFASRRKSRLP	QAHSPYGCGFDPLSGWRLP
YP_007890313.1	ERR12319363.3724061	0.315	19	13	0	46	64	168	1978	2034	4384	4.279E-04	41	19M	YP_007890313.1 NADH dehydrogenase subunit 3 (mitochondrion) [Clathrina clathrus]	ERR12319363.3724061 3724061 length=4241	SRRKSRLPFKLQFFLVGIL	PLSGWRLPFSVHFLNIACL
YP_007890313.1	ERR12319363.6455609	0.315	19	13	0	46	64	168	1092	1148	10550	4.279E-04	41	19M	YP_007890313.1 NADH dehydrogenase subunit 3 (mitochondrion) [Clathrina clathrus]	ERR12319363.6455609 6455609 length=10353	SRRKSRLPFKLQFFLVGIL	PLSGWRLPFSVHFLNIACL
YP_007890313.1	ERR12319363.5445606	0.360	25	16	0	55	79	168	1318	1392	3050	5.774E-04	40	25M	YP_007890313.1 NADH dehydrogenase subunit 3 (mitochondrion) [Clathrina clathrus]	ERR12319363.5445606 5445606 length=2982	KLQFFLVGILFLIFDVEITALIPYG	SVHFLNITCPFLVFDLEVLLLTPLG
YP_007890313.1	ERR12319363.2657732	0.343	32	21	0	35	66	168	1807	1902	3740	5.774E-04	40	32M	YP_007890313.1 NADH dehydrogenase subunit 3 (mitochondrion) [Clathrina clathrus]	ERR12319363.2657732 2657732 length=3599	DTYSTYECGFASRRKSRLPFKLQFFLVGILFL	QAHSPYECGFDPFFRLAASFFVHFLNITYLFL
YP_007890313.1	Contig199	0.333	21	14	0	46	66	168	1485	1547	3931	5.774E-04	40	21M	YP_007890313.1 NADH dehydrogenase subunit 3 (mitochondrion) [Clathrina clathrus]	Contig199	SRRKSRLPFKLQFFLVGILFL	PLSSWQLPFSVHFLNIACLFL
YP_007890313.1	Contig174	0.219	41	25	1	39	79	168	3047	3148	4571	5.774E-04	40	19M7I15M	YP_007890313.1 NADH dehydrogenase subunit 3 (mitochondrion) [Clathrina clathrus]	Contig174	TYECGFASRRKSRLPFKLQFFLVGILFLIFDVEITALIPYG	PLNVTF*PLSGWWLPFSVH-------FLVFDLEVLLRATWA
YP_007890313.1	ERR12319363.6793476	0.360	25	16	0	55	79	168	2534	2608	4777	5.774E-04	40	25M	YP_007890313.1 NADH dehydrogenase subunit 3 (mitochondrion) [Clathrina clathrus]	ERR12319363.6793476 6793476 length=4670	KLQFFLVGILFLIFDVEITALIPYG	SVHFLNITCPFLVFDLEVLLLTPLG
YP_007890313.1	Contig300	0.276	47	24	2	34	79	168	2295	2408	5233	5.774E-04	40	9M1D2M9I26M	YP_007890313.1 NADH dehydrogenase subunit 3 (mitochondrion) [Clathrina clathrus]	Contig300	RDTYSTYEC-GFASRRKSRLPFKLQFFLVGILFLIFDVEITALIPYG	RQARSPFPAGGF---------LSIPFLNIACLFLALDLEVLLLTPLG
YP_007890313.1	ERR12319363.2453825	0.342	35	22	1	36	70	168	15937	16038	16815	5.774E-04	40	9M1I25M	YP_007890313.1 NADH dehydrogenase subunit 3 (mitochondrion) [Clathrina clathrus]	ERR12319363.2453825 2453825 length=16333	TYSTYECGFASRRKSRLPFKLQFFLVGILFLIFDV	AYLPFFGG*-THRCWRLPFFVHFLNITCLFLVFSL
YP_007890313.1	ERR12319363.1869938	0.400	25	15	0	55	79	168	878	952	3561	7.790E-04	40	25M	YP_007890313.1 NADH dehydrogenase subunit 3 (mitochondrion) [Clathrina clathrus]	ERR12319363.1869938 1869938 length=3468	KLQFFLVGILFLIFDVEITALIPYG	SIHFLNIACLFLVFDVEVLLLTALG
YP_007890313.1	Contig195	0.285	49	32	2	46	93	168	3201	3061	5077	7.790E-04	40	11M2I21M1D14M	YP_007890313.1 NADH dehydrogenase subunit 3 (mitochondrion) [Clathrina clathrus]	Contig195	SRRKSRLPFKLQFFLVGILFLIFDVEITALIPYG-VMYMDSQYYSQLVL	PPSGWRLPFCP--F*TSLVSLVFDLEVLLLTPWATVQALPAQHFRGFLL
YP_007890313.1	ERR12319363.1689763	0.480	25	13	0	55	79	168	6769	6843	8257	7.790E-04	40	25M	YP_007890313.1 NADH dehydrogenase subunit 3 (mitochondrion) [Clathrina clathrus]	ERR12319363.1689763 1689763 length=8020	KLQFFLVGILFLIFDVEITALIPYG	SIHFLKVGCLFLVFDLEVLLLGPLG
