YP_007890313.1	ERR12319363.699838length=3030	0.419	31	18	0	34	64	168	945	1037	3130	7.353E-13	67	31M	YP_007890313.1 NADH dehydrogenase subunit 3 (mitochondrion) [Clathrina clathrus]	ERR12319363.699838length=3030	RDTYSTYECGFASRRKSRLPFKLQFFLVGIL	RQARSPYECGFDPLSGWRLPFSIHFLNIACL
YP_007890313.1	ERR12319363.4316051length=4759	0.372	51	31	1	14	64	168	2238	2387	4938	2.538E-12	65	17M1I33M	YP_007890313.1 NADH dehydrogenase subunit 3 (mitochondrion) [Clathrina clathrus]	ERR12319363.4316051length=4759	LSLIFFACTYILSPKYKLTLRDTYSTYECGFASRRKSRLPFKLQFFLVGIL	LSATLYGCFEVFSLSFS-SLRQARSPYECGFDSLSSWRLPFSIHFLKIACL
YP_007890313.1	ERR12319363.5822538length=4555	0.365	41	26	0	39	79	168	2031	2153	4709	6.419E-12	64	41M	YP_007890313.1 NADH dehydrogenase subunit 3 (mitochondrion) [Clathrina clathrus]	ERR12319363.5822538length=4555	TYECGFASRRKSRLPFKLQFFLVGILFLIFDVEITALIPYG	PMSVAF*PLSGWRLPFSVHFLDIACLFLVFDLEVLLLTPLG
YP_007890313.1	ERR12319363.1163354length=3911	0.393	33	18	1	34	64	168	1756	1854	4039	1.623E-11	63	12M2D19M	YP_007890313.1 NADH dehydrogenase subunit 3 (mitochondrion) [Clathrina clathrus]	ERR12319363.1163354length=3911	RDTYSTYECGFA--SRRKSRLPFKLQFFLVGIL	RQARSPYECGFDPPPLSGWRLPFSVHFLNIACL
YP_007890313.1	Contig33	0.416	36	21	0	35	70	168	2508	2615	4462	2.210E-11	63	36M	YP_007890313.1 NADH dehydrogenase subunit 3 (mitochondrion) [Clathrina clathrus]	Contig33	DTYSTYECGFASRRKSRLPFKLQFFLVGILFLIFDV	QAHSPYACGFDSLSGWRLPFFVHFLNTTCLFLVFSL
YP_007890313.1	Contig418	0.348	43	27	1	35	77	168	1045	1170	3938	4.098E-11	62	18M1I24M	YP_007890313.1 NADH dehydrogenase subunit 3 (mitochondrion) [Clathrina clathrus]	Contig418	DTYSTYECGFASRRKSRLPFKLQFFLVGILFLIFDVEITALIP	QAHSPYECGFDPFPAGGF-LSIHFLNIACLFLVFDLEVLLLTP
YP_007890313.1	ERR12319363.2007161length=4148	0.377	45	27	1	35	79	168	1616	1747	4276	4.098E-11	62	18M1I26M	YP_007890313.1 NADH dehydrogenase subunit 3 (mitochondrion) [Clathrina clathrus]	ERR12319363.2007161length=4148	DTYSTYECGFASRRKSRLPFKLQFFLVGILFLIFDVEITALIPYG	QARSPYECGFDLLPAGGF-LSIHFLNIACLFLIFDLEVLLLTPLG
YP_007890313.1	ERR12319363.1938533length=7591	0.348	43	27	1	35	77	168	4756	4881	7844	4.098E-11	62	18M1I24M	YP_007890313.1 NADH dehydrogenase subunit 3 (mitochondrion) [Clathrina clathrus]	ERR12319363.1938533length=7591	DTYSTYECGFASRRKSRLPFKLQFFLVGILFLIFDVEITALIP	QAHSPYECGFDPFPAGGF-LSIHFLNIACLFLVFDLEVLLLTP
YP_007890313.1	ERR12319363.4270212length=12193	0.354	31	20	0	34	64	168	9849	9941	12502	4.098E-11	62	31M	YP_007890313.1 NADH dehydrogenase subunit 3 (mitochondrion) [Clathrina clathrus]	ERR12319363.4270212length=12193	RDTYSTYECGFASRRKSRLPFKLQFFLVGIL	RQARSPYECDFDPLSGWWLPFSVHFLNIACL
YP_007890313.1	Contig147	0.333	45	29	1	35	79	168	1993	2124	5237	7.595E-11	61	18M1I26M	YP_007890313.1 NADH dehydrogenase subunit 3 (mitochondrion) [Clathrina clathrus]	Contig147	DTYSTYECGFASRRKSRLPFKLQFFLVGILFLIFDVEITALIPYG	QARSPYECGFDLLPAGGF-LSIPFLNTACLFLVFDLEVLLLTPWA
YP_007890313.1	Contig222	0.317	41	28	0	39	79	168	3396	3518	5479	7.595E-11	61	41M	YP_007890313.1 NADH dehydrogenase subunit 3 (mitochondrion) [Clathrina clathrus]	Contig222	TYECGFASRRKSRLPFKLQFFLVGILFLIFDVEITALIPYG	PMNVTF*PLSGWQLPFSVHFLNIACPFLVFDLEVLLLTPLG
YP_007890313.1	ERR12319363.2401750length=5972	0.333	45	29	1	35	79	168	4103	4234	6187	7.595E-11	61	18M1I26M	YP_007890313.1 NADH dehydrogenase subunit 3 (mitochondrion) [Clathrina clathrus]	ERR12319363.2401750length=5972	DTYSTYECGFASRRKSRLPFKLQFFLVGILFLIFDVEITALIPYG	QARSPYECGFDLLPAGGF-LSIPFLNTACLFLVFDLEVLLLTPWA
YP_007890313.1	ERR12319363.2830237length=4271	0.416	36	21	0	35	70	168	850	957	4423	1.034E-10	61	36M	YP_007890313.1 NADH dehydrogenase subunit 3 (mitochondrion) [Clathrina clathrus]	ERR12319363.2830237length=4271	DTYSTYECGFASRRKSRLPFKLQFFLVGILFLIFDV	QAHPPHECGFDSLSGWRLPFFVHFLNTTCLFLIFSL
YP_007890313.1	ERR12319363.3047622length=4098	0.406	32	19	0	39	70	168	3004	3099	4272	1.407E-10	60	32M	YP_007890313.1 NADH dehydrogenase subunit 3 (mitochondrion) [Clathrina clathrus]	ERR12319363.3047622length=4098	TYECGFASRRKSRLPFKLQFFLVGILFLIFDV	PYACGFDPLSGWRLPFFVHFLNITCLFLVFSL
YP_007890313.1	ERR12319363.345977length=3288	0.352	34	22	0	44	77	168	367	468	3324	2.606E-10	59	34M	YP_007890313.1 NADH dehydrogenase subunit 3 (mitochondrion) [Clathrina clathrus]	ERR12319363.345977length=3288	FASRRKSRLPFKLQFFLVGILFLIFDVEITALIP	F*PLSGWRLPFSVHFLNIACPFLVFNLEVLLLTP
YP_007890313.1	Contig243	0.333	30	20	0	35	64	168	3118	3207	10209	3.546E-10	59	30M	YP_007890313.1 NADH dehydrogenase subunit 3 (mitochondrion) [Clathrina clathrus]	Contig243	DTYSTYECGFASRRKSRLPFKLQFFLVGIL	QAHPPYECNFDPLSGWRLPFSVHFLNIACL
YP_007890313.1	Contig184	0.306	62	39	3	33	93	168	1476	1300	4367	2.245E-09	57	14M1I9M2I21M1D14M	YP_007890313.1 NADH dehydrogenase subunit 3 (mitochondrion) [Clathrina clathrus]	Contig184	LRDTYSTYECGFASRRKSRLPFKLQFFLVGILFLIFDVEITALIPYG-VMYMDSQYYSQLVL	LRQARSPYECSFDP-PGWRLPFCP--L*TSLVSLVFGLEVLLLTPWATVQALPAQHFRGFLL
YP_007890313.1	ERR12319363.734890length=3593	0.252	75	55	1	36	110	168	335	556	3688	3.051E-09	56	17M1I57M	YP_007890313.1 NADH dehydrogenase subunit 3 (mitochondrion) [Clathrina clathrus]	ERR12319363.734890length=3593	TYSTYECGFASRRKSRLPFKLQFFLVGILFLIFDVEITALIPYGVMYMDSQYYSQLVLILFIGILVLGVLYEFVL	AHSPHDCGFDFLPAGGF-LSIHFLNIACLFLVFNLEVLLLTTWATVQAPPPPPAQHFLGAFLVVLTLVGAWEYVL
YP_007890313.1	ERR12319363.6618825length=2954	0.317	41	28	0	39	79	168	581	703	3048	4.148E-09	56	41M	YP_007890313.1 NADH dehydrogenase subunit 3 (mitochondrion) [Clathrina clathrus]	ERR12319363.6618825length=2954	TYECGFASRRKSRLPFKLQFFLVGILFLIFDVEITALIPYG	PMGVAF*SPFGWWLPFSVHFLNTTCLFLVFNLEVLLLTPWA
YP_007890313.1	ERR12319363.6515204length=3555	0.360	50	29	2	34	82	168	2070	2213	3665	4.148E-09	56	34M2I8M1D5M	YP_007890313.1 NADH dehydrogenase subunit 3 (mitochondrion) [Clathrina clathrus]	ERR12319363.6515204length=3555	RDTYSTYECGFASRRKSRLPFKLQFFLVGILFLIFDVEITALIP-YGVMY	RLARSPYECDFDSLSSWRLPFSVHFLNIASLSPL--LNGRACPPFWGVVY
YP_007890313.1	ERR12319363.729692length=15657	0.250	52	27	1	35	86	168	15129	15248	16147	5.638E-09	55	26M12I14M	YP_007890313.1 NADH dehydrogenase subunit 3 (mitochondrion) [Clathrina clathrus]	ERR12319363.729692length=15657	DTYSTYECGFASRRKSRLPFKLQFFLVGILFLIFDVEITALIPYGVMYMDSQ	QAHPPYECGFDPLSGWRLPFFVHFLN------------SPLSPWATLFRPSR
YP_007890313.1	ERR12319363.2902794length=10954	0.400	30	18	0	35	64	168	348	437	11238	1.414E-08	54	30M	YP_007890313.1 NADH dehydrogenase subunit 3 (mitochondrion) [Clathrina clathrus]	ERR12319363.2902794length=10954	DTYSTYECGFASRRKSRLPFKLQFFLVGIL	QAHSPYACGFDSLSGWRLPFFVHFLNTTCL
YP_007890313.1	Contig304	0.370	27	17	0	35	61	168	3470	3550	5773	3.543E-08	53	27M	YP_007890313.1 NADH dehydrogenase subunit 3 (mitochondrion) [Clathrina clathrus]	Contig304	DTYSTYECGFASRRKSRLPFKLQFFLV	QAHSPYECSFDPLSGWRLPFFVHFLNI
YP_007890313.1	ERR12319363.4336126length=3106	0.297	47	25	2	34	79	168	798	917	3193	4.811E-08	53	11M1D13M7I15M	YP_007890313.1 NADH dehydrogenase subunit 3 (mitochondrion) [Clathrina clathrus]	ERR12319363.4336126length=3106	RDTYSTYECGF-ASRRKSRLPFKLQFFLVGILFLIFDVEITALIPYG	RQARSPCKCDFLTPFSGWWLPFSVH-------FLIFDLEVLLRAPWA
YP_007890313.1	ERR12319363.3712160length=2470	0.295	44	30	1	36	79	168	927	1055	2554	1.203E-07	51	17M1I26M	YP_007890313.1 NADH dehydrogenase subunit 3 (mitochondrion) [Clathrina clathrus]	ERR12319363.3712160length=2470	TYSTYECGFASRRKSRLPFKLQFFLVGILFLIFDVEITALIPYG	AHSPHDCGFDFLPAGGF-LSIHFLNIACLFLVFNLEVLLLTPLG
YP_007890313.1	ERR12319363.5516665length=4271	0.458	24	13	0	37	60	168	1571	1642	4411	2.215E-07	51	24M	YP_007890313.1 NADH dehydrogenase subunit 3 (mitochondrion) [Clathrina clathrus]	ERR12319363.5516665length=4271	YSTYECGFASRRKSRLPFKLQFFL	YSPYACGFDPLSGWRLPFFVHFLN
YP_007890313.1	Contig136	0.458	24	13	0	37	60	168	2500	2571	15028	2.215E-07	51	24M	YP_007890313.1 NADH dehydrogenase subunit 3 (mitochondrion) [Clathrina clathrus]	Contig136	YSTYECGFASRRKSRLPFKLQFFL	YSPYACGFDPLSGWRLPFFVHFLN
YP_007890313.1	ERR12319363.5716546length=2303	0.360	25	16	0	44	68	168	317	391	2361	3.005E-07	50	25M	YP_007890313.1 NADH dehydrogenase subunit 3 (mitochondrion) [Clathrina clathrus]	ERR12319363.5716546length=2303	FASRRKSRLPFKLQFFLVGILFLIF	FDPLSGWRLPFSVHFLNIACPFLVF
YP_007890313.1	ERR12319363.3356570length=6105	0.458	24	13	0	37	60	168	4314	4385	6379	3.005E-07	50	24M	YP_007890313.1 NADH dehydrogenase subunit 3 (mitochondrion) [Clathrina clathrus]	ERR12319363.3356570length=6105	YSTYECGFASRRKSRLPFKLQFFL	YSPYVCGFDPLSGWRLPFFVHFLN
YP_007890313.1	ERR12319363.4165007length=3432	0.346	26	17	0	35	60	168	1965	2042	3519	5.526E-07	49	26M	YP_007890313.1 NADH dehydrogenase subunit 3 (mitochondrion) [Clathrina clathrus]	ERR12319363.4165007length=3432	DTYSTYECGFASRRKSRLPFKLQFFL	QAHPPYACGFDPLSGWRLPFFVHFLN
YP_007890313.1	ERR12319363.4763521length=4998	0.464	28	15	0	51	78	168	2079	2162	5186	5.526E-07	49	28M	YP_007890313.1 NADH dehydrogenase subunit 3 (mitochondrion) [Clathrina clathrus]	ERR12319363.4763521length=4998	RLPFKLQFFLVGILFLIFDVEITALIPY	RLPFSVHFLNTTCLFLIFDLEVLLLTSW
YP_007890313.1	ERR12319363.6675199length=3807	0.384	26	16	0	34	59	168	2050	2127	3950	7.491E-07	49	26M	YP_007890313.1 NADH dehydrogenase subunit 3 (mitochondrion) [Clathrina clathrus]	ERR12319363.6675199length=3807	RDTYSTYECGFASRRKSRLPFKLQFF	RQAHSPYGCSFDPLSGWRLPFFVHFL
YP_007890313.1	ERR12319363.2911503length=3632	0.400	35	20	1	46	79	168	247	351	3736	1.376E-06	48	5M1D29M	YP_007890313.1 NADH dehydrogenase subunit 3 (mitochondrion) [Clathrina clathrus]	ERR12319363.2911503length=3632	SRRKS-RLPFKLQFFLVGILFLIFDVEITALIPYG	SLAGWATIPFSIHFLKIGCLFLVFDLEVLLLSPLG
YP_007890313.1	ERR12319363.4234054length=3949	0.255	47	27	2	34	79	168	2064	2183	4112	1.376E-06	48	11M1D13M7I15M	YP_007890313.1 NADH dehydrogenase subunit 3 (mitochondrion) [Clathrina clathrus]	ERR12319363.4234054length=3949	RDTYSTYECGF-ASRRKSRLPFKLQFFLVGILFLIFDVEITALIPYG	RQARSPCKCDFLTPFSGWWLPFSVH-------FLAFGLEVLLWAPWA
YP_007890313.1	ERR12319363.3060900length=4542	0.400	35	20	1	46	79	168	1499	1603	4689	1.376E-06	48	5M1D29M	YP_007890313.1 NADH dehydrogenase subunit 3 (mitochondrion) [Clathrina clathrus]	ERR12319363.3060900length=4542	SRRKS-RLPFKLQFFLVGILFLIFDVEITALIPYG	SLAGWATIPFSIHFLKIGCLFLVFDLEVLLLSPLG
YP_007890313.1	Contig232	0.333	33	22	0	38	70	168	2910	3008	5399	1.376E-06	48	33M	YP_007890313.1 NADH dehydrogenase subunit 3 (mitochondrion) [Clathrina clathrus]	Contig232	STYECGFASRRKSRLPFKLQFFLVGILFLIFDV	SPCVWLFDPLSGWRLPFFVHFLNTTCLFLVFSL
YP_007890313.1	ERR12319363.4642960length=5687	0.255	47	27	2	34	79	168	5588	5707	5881	1.376E-06	48	11M1D13M7I15M	YP_007890313.1 NADH dehydrogenase subunit 3 (mitochondrion) [Clathrina clathrus]	ERR12319363.4642960length=5687	RDTYSTYECGF-ASRRKSRLPFKLQFFLVGILFLIFDVEITALIPYG	RQARSPCKCDFLTPFSGWWLPFSVH-------FLAFGLEVLLWAPWA
YP_007890313.1	ERR12319363.2868281length=6031	0.255	47	27	2	34	79	168	2337	2456	6238	1.376E-06	48	11M1D13M7I15M	YP_007890313.1 NADH dehydrogenase subunit 3 (mitochondrion) [Clathrina clathrus]	ERR12319363.2868281length=6031	RDTYSTYECGF-ASRRKSRLPFKLQFFLVGILFLIFDVEITALIPYG	RQARSPCKCDFLTPFSGWWLPFSVH-------FLAFGLEVLLWAPWA
YP_007890313.1	ERR12319363.6455609length=10353	0.571	21	9	0	34	54	168	9600	9538	10598	1.865E-06	48	21M	YP_007890313.1 NADH dehydrogenase subunit 3 (mitochondrion) [Clathrina clathrus]	ERR12319363.6455609length=10353	RDTYSTYECGFASRRKSRLPF	RQARSPYECGFDSPSGWRLPF
YP_007890313.1	ERR12319363.1146103length=8020	0.361	36	22	1	44	79	168	2546	2650	8296	4.634E-06	47	3M1I32M	YP_007890313.1 NADH dehydrogenase subunit 3 (mitochondrion) [Clathrina clathrus]	ERR12319363.1146103length=8020	FASRRKSRLPFKLQFFLVGILFLIFDVEITALIPYG	FDP-SGWRLPFSVHFLDVACLFLVFSFLGSIFGPEG
YP_007890313.1	ERR12319363.483548length=2210	0.400	25	15	0	44	68	168	110	184	2271	6.275E-06	46	25M	YP_007890313.1 NADH dehydrogenase subunit 3 (mitochondrion) [Clathrina clathrus]	ERR12319363.483548length=2210	FASRRKSRLPFKLQFFLVGILFLIF	FDPLSGWWLPFSVHFLNTTCLFLIF
YP_007890313.1	ERR12319363.4557985length=4392	0.320	50	24	2	31	79	168	2297	2419	4537	6.275E-06	46	12M1D2M9I26M	YP_007890313.1 NADH dehydrogenase subunit 3 (mitochondrion) [Clathrina clathrus]	ERR12319363.4557985length=4392	LTLRDTYSTYEC-GFASRRKSRLPFKLQFFLVGILFLIFDVEITALIPYG	ITLS*ARSPFPAGGF---------FSIHFLNIACLFLAFDLEVLLLTPLG
YP_007890313.1	Contig346	0.326	46	22	3	34	79	168	2174	2064	4897	6.275E-06	46	15M4I3M1I5M4I14M	YP_007890313.1 NADH dehydrogenase subunit 3 (mitochondrion) [Clathrina clathrus]	Contig346	RDTYSTYECGFASRRKSRLPFKLQFFLVGILFLIFDVEITALIPYG	RQARSPYECNFDPFR----PVA-SFLST----LVFDLEVLLLTPWA
YP_007890313.1	ERR12319363.6156532length=6205	0.400	25	15	0	44	68	168	380	454	6418	6.275E-06	46	25M	YP_007890313.1 NADH dehydrogenase subunit 3 (mitochondrion) [Clathrina clathrus]	ERR12319363.6156532length=6205	FASRRKSRLPFKLQFFLVGILFLIF	FDPLSGWWLPFSVHFLNTTCLFLIF
YP_007890313.1	ERR12319363.3717485length=3415	0.281	32	23	0	39	70	168	2735	2830	3544	1.150E-05	46	32M	YP_007890313.1 NADH dehydrogenase subunit 3 (mitochondrion) [Clathrina clathrus]	ERR12319363.3717485length=3415	TYECGFASRRKSRLPFKLQFFLVGILFLIFDV	PMNVAF*PLSGWWLPFSVHFLNTTCLFLVFSL
YP_007890313.1	Contig234	0.333	48	25	2	32	79	168	10092	9970	12042	1.150E-05	46	15M5I5M2I21M	YP_007890313.1 NADH dehydrogenase subunit 3 (mitochondrion) [Clathrina clathrus]	Contig234	TLRDTYSTYECGFASRRKSRLPFKLQFFLVGILFLIFDVEITALIPYG	TSRQARSPYERGFDP-----LPFCP--L*TSLVSLIFDLEVLLWTPWA
YP_007890313.1	ERR12319363.2330926length=4553	0.294	34	23	1	35	68	168	2295	2393	4721	2.104E-05	45	18M1I15M	YP_007890313.1 NADH dehydrogenase subunit 3 (mitochondrion) [Clathrina clathrus]	ERR12319363.2330926length=4553	DTYSTYECGFASRRKSRLPFKLQFFLVGILFLIF	QARSPYESGFDPFPAGGF-LSIHFLNIACLFLVF
YP_007890313.1	ERR12319363.1.833656length=2639	0.305	36	24	1	44	79	168	1541	1645	2757	2.846E-05	44	9M1I26M	YP_007890313.1 NADH dehydrogenase subunit 3 (mitochondrion) [Clathrina clathrus]	ERR12319363.1.833656length=2639	FASRRKSRLPFKLQFFLVGILFLIFDVEITALIPYG	FDPFPAGSF-LSIHFLNIACLFLVFDLEVLLLTPLG
YP_007890313.1	ERR12319363.5483163length=2847	0.300	20	14	0	44	63	168	680	739	2926	3.849E-05	44	20M	YP_007890313.1 NADH dehydrogenase subunit 3 (mitochondrion) [Clathrina clathrus]	ERR12319363.5483163length=2847	FASRRKSRLPFKLQFFLVGI	FDPLSGWRLPFSVHFLNIAC
YP_007890313.1	ERR12319363.1345825length=3684	0.380	21	13	0	44	64	168	2688	2750	3815	3.849E-05	44	21M	YP_007890313.1 NADH dehydrogenase subunit 3 (mitochondrion) [Clathrina clathrus]	ERR12319363.1345825length=3684	FASRRKSRLPFKLQFFLVGIL	FDSLSGWRLPFSVHFLNIACL
YP_007890313.1	Contig313	0.434	46	26	0	34	79	168	2344	2481	4805	3.849E-05	44	46M	YP_007890313.1 NADH dehydrogenase subunit 3 (mitochondrion) [Clathrina clathrus]	Contig313	RDTYSTYECGFASRRKSRLPFKLQFFLVGILFLIFDVEITALIPYG	RQARSPYECGFDPLSGWRLPFSVHFLNIACLFLVFDLEVLLLTPWA
YP_007890313.1	Contig195	0.434	46	26	0	34	79	168	1918	2055	5197	3.849E-05	44	46M	YP_007890313.1 NADH dehydrogenase subunit 3 (mitochondrion) [Clathrina clathrus]	Contig195	RDTYSTYECGFASRRKSRLPFKLQFFLVGILFLIFDVEITALIPYG	RQARSPYECGFDPLSGWRLPFSVHFLNIACLFLVFDLEVLLLTPWA
YP_007890313.1	ERR12319363.1110374length=7707	0.285	42	30	0	46	87	168	5963	6088	7894	3.849E-05	44	42M	YP_007890313.1 NADH dehydrogenase subunit 3 (mitochondrion) [Clathrina clathrus]	ERR12319363.1110374length=7707	SRRKSRLPFKLQFFLVGILFLIFDVEITALIPYGVMYMDSQY	PLSGWRLPFFVHFLNITCLFLGLGVRNRRRLPMGFFHLGSAW
YP_007890313.1	Contig196	0.360	25	16	0	46	70	168	9397	9471	23518	5.204E-05	44	25M	YP_007890313.1 NADH dehydrogenase subunit 3 (mitochondrion) [Clathrina clathrus]	Contig196	SRRKSRLPFKLQFFLVGILFLIFDV	PLSGWRLPFFVHFLNTTCLFLVFSL
YP_007890313.1	ERR12319363.5864512length=3651	0.571	21	9	0	34	54	168	2236	2298	3800	7.033E-05	43	21M	YP_007890313.1 NADH dehydrogenase subunit 3 (mitochondrion) [Clathrina clathrus]	ERR12319363.5864512length=3651	RDTYSTYECGFASRRKSRLPF	RLTRSPYVCGFDSLSGWRLPF
YP_007890313.1	Contig164	0.500	20	10	0	34	53	168	2734	2675	4442	1.734E-04	42	20M	YP_007890313.1 NADH dehydrogenase subunit 3 (mitochondrion) [Clathrina clathrus]	Contig164	RDTYSTYECGFASRRKSRLP	RQARSPYECGFKTPSGWRLP
YP_007890313.1	ERR12319363.4485873length=5949	0.400	25	15	0	55	79	168	2105	2179	6159	1.734E-04	42	25M	YP_007890313.1 NADH dehydrogenase subunit 3 (mitochondrion) [Clathrina clathrus]	ERR12319363.4485873length=5949	KLQFFLVGILFLIFDVEITALIPYG	SIHFLNIACLFLAFDLEVLLLTPLG
YP_007890313.1	ERR12319363.3087799length=5154	0.333	30	20	0	53	82	168	4680	4769	5357	2.342E-04	42	30M	YP_007890313.1 NADH dehydrogenase subunit 3 (mitochondrion) [Clathrina clathrus]	ERR12319363.3087799length=5154	PFKLQFFLVGILFLIFDVEITALIPYGVMY	PFSVHFLNTTCLFLVSDLEVLLRTPLGYFF
YP_007890313.1	ERR12319363.6830973length=18445	0.333	30	20	0	53	82	168	18050	18139	19131	2.342E-04	42	30M	YP_007890313.1 NADH dehydrogenase subunit 3 (mitochondrion) [Clathrina clathrus]	ERR12319363.6830973length=18445	PFKLQFFLVGILFLIFDVEITALIPYGVMY	PFSVHFLNTTCLFLVSDLEVLLRTPLGYFF
YP_007890313.1	Contig61	0.380	21	13	0	46	66	168	1845	1907	4576	3.162E-04	41	21M	YP_007890313.1 NADH dehydrogenase subunit 3 (mitochondrion) [Clathrina clathrus]	Contig61	SRRKSRLPFKLQFFLVGILFL	PFFGWRLPFSVHFLNIACLFL
YP_007890313.1	ERR12319363.2602107length=7119	0.380	21	13	0	46	66	168	5708	5770	7386	3.162E-04	41	21M	YP_007890313.1 NADH dehydrogenase subunit 3 (mitochondrion) [Clathrina clathrus]	ERR12319363.2602107length=7119	SRRKSRLPFKLQFFLVGILFL	PFFGWRLPFSVHFLNIACLFL
YP_007890313.1	ERR12319363.3734690length=3405	0.400	25	15	0	55	79	168	1563	1637	3534	5.758E-04	40	25M	YP_007890313.1 NADH dehydrogenase subunit 3 (mitochondrion) [Clathrina clathrus]	ERR12319363.3734690length=3405	KLQFFLVGILFLIFDVEITALIPYG	SIHFLNIACLFLVFSLEVLLLIPLG
YP_007890313.1	Contig295	0.294	34	22	1	46	79	168	2724	2629	4678	5.758E-04	40	11M2I21M	YP_007890313.1 NADH dehydrogenase subunit 3 (mitochondrion) [Clathrina clathrus]	Contig295	SRRKSRLPFKLQFFLVGILFLIFDVEITALIPYG	PLSGWRLPFCP--L*TSLVSLVFDLEVLLLTPWA
YP_007890313.1	ERR12319363.2387788length=4727	0.277	36	25	1	44	79	168	2090	2194	4875	5.758E-04	40	9M1I26M	YP_007890313.1 NADH dehydrogenase subunit 3 (mitochondrion) [Clathrina clathrus]	ERR12319363.2387788length=4727	FASRRKSRLPFKLQFFLVGILFLIFDVEITALIPYG	FDPFPAGSF-LSIHFLNTACLFLVFNLEVLLLTPLG
YP_007890313.1	Contig415	0.342	35	22	1	36	70	168	2734	2835	5339	5.758E-04	40	9M1I25M	YP_007890313.1 NADH dehydrogenase subunit 3 (mitochondrion) [Clathrina clathrus]	Contig415	TYSTYECGFASRRKSRLPFKLQFFLVGILFLIFDV	AYLPFFGG*-THRCWRLPFFVHFLNITCLFLVFSL
YP_007890313.1	ERR12319363.2693400length=3656	0.440	25	14	0	55	79	168	1786	1860	3787	7.767E-04	40	25M	YP_007890313.1 NADH dehydrogenase subunit 3 (mitochondrion) [Clathrina clathrus]	ERR12319363.2693400length=3656	KLQFFLVGILFLIFDVEITALIPYG	SIHFLKIGCLFLVFDLEVLLLGPLG
YP_007890313.1	Contig245	0.421	19	11	0	48	66	168	2131	2187	4749	7.767E-04	40	19M	YP_007890313.1 NADH dehydrogenase subunit 3 (mitochondrion) [Clathrina clathrus]	Contig245	RKSRLPFKLQFFLVGILFL	SGWRLPFSAHFLNIACLFL
YP_007890313.1	Contig77	0.285	49	32	2	46	93	168	2736	2596	4776	7.767E-04	40	11M2I21M1D14M	YP_007890313.1 NADH dehydrogenase subunit 3 (mitochondrion) [Clathrina clathrus]	Contig77	SRRKSRLPFKLQFFLVGILFLIFDVEITALIPYG-VMYMDSQYYSQLVL	PPSGWRLPFCP--F*TSLVSLVFDLEVLLLTPWATVQALPAQHFRGFLL
